TSP Optimization Results - 20251227_191617
===================================================================================================================
TEST CASE            | HYBRID (Cost/Time)        | REFINED (Cost/Time)       | REF+2OPT (Cost/Time)      | BRUTE FORCE    
-------------------------------------------------------------------------------------------------------------------
4-City Symmetric     | 80.00 / 0.16s             | 80.00 / 0.19s             | 80.00 / 0.19s             | 80.00 / 0.0000s
5-City Asymmetric    | 34.00 / 0.17s             | 36.00 / 0.23s             | 34.00 / 0.23s             | 34.00 / 0.0001s
8-City Symmetric     | 105.00 / 0.26s            | 107.00 / 0.33s            | 105.00 / 0.33s            | 99.00 / 0.0078s
6-City Random        | 241.07 / 0.20s            | 241.07 / 0.26s            | 241.07 / 0.26s            | 241.07 / 0.0002s
7-City Random        | 276.22 / 0.23s            | 310.31 / 0.31s            | 276.22 / 0.31s            | 276.22 / 0.0011s
10-City Random       | 290.31 / 0.34s            | 420.37 / 0.41s            | 290.31 / 0.41s            | 290.31 / 0.7066s
11-City Random       | 296.25 / 0.39s            | 320.69 / 0.43s            | 296.25 / 0.43s            | 296.25 / 7.7652s
12-City Random       | 297.25 / 0.42s            | 429.91 / 0.48s            | 297.25 / 0.48s            | 297.25 / 91.6878s
13-City Random       | 298.93 / 0.55s            | 454.28 / 0.54s            | 298.93 / 0.54s            | N/A            
17-City Random       | 322.07 / 1.01s            | 561.84 / 0.71s            | 322.07 / 0.71s            | N/A            
20-City Random       | 386.43 / 1.44s            | 692.19 / 0.82s            | 386.43 / 0.82s            | N/A            
50-City Random       | N/A                       | 2207.75 / 1.99s           | 587.09 / 2.39s            | N/A            
100-City Random      | N/A                       | 4757.68 / 4.25s           | 784.44 / 13.24s           | N/A            
===================================================================================================================

DETAILED RESULTS
===================================================================================================================

--- 4-City Symmetric ---
Distance Matrix:
[[ 0, 10, 15, 20],
 [10,  0, 35, 25],
 [15, 35,  0, 30],
 [20, 25, 30,  0]]

Hybrid SPSA:     Cost=80.00, Time=0.1611s, Path=[0, np.int64(1), np.int64(3), np.int64(2), 0]
Refined SPSA:    Cost=80.00, Time=0.1894s, Path=[0, np.int64(1), np.int64(3), np.int64(2), 0]
Refined + 2-Opt: Cost=80.00, Time=0.1894s, Path=[0, np.int64(1), np.int64(3), np.int64(2), 0]
Brute Force:     Cost=80.00, Time=0.0000s, Path=[0, 1, 3, 2, 0]
--------------------------------------------------

--- 5-City Asymmetric ---
Distance Matrix:
[[ 0, 10,  8,  9,  7],
 [10,  0, 10,  5,  6],
 [ 8, 10,  0,  8,  9],
 [ 9,  5,  8,  0,  6],
 [ 7,  6,  9,  6,  0]]

Hybrid SPSA:     Cost=34.00, Time=0.1705s, Path=[0, np.int64(2), np.int64(3), np.int64(1), np.int64(4), 0]
Refined SPSA:    Cost=36.00, Time=0.2264s, Path=[0, np.int64(4), np.int64(3), np.int64(1), np.int64(2), 0]
Refined + 2-Opt: Cost=34.00, Time=0.2265s, Path=[0, np.int64(4), np.int64(1), np.int64(3), np.int64(2), 0]
Brute Force:     Cost=34.00, Time=0.0001s, Path=[0, 2, 3, 1, 4, 0]
--------------------------------------------------

--- 8-City Symmetric ---
Distance Matrix:
[[ 0, 15, 10, 20, 12, 18, 14, 22],
 [15,  0, 16, 25, 13, 11, 21, 19],
 [10, 16,  0, 30, 17, 24, 15, 28],
 [20, 25, 30,  0, 22, 14, 16, 12],
 [12, 13, 17, 22,  0, 26, 18, 14],
 [18, 11, 24, 14, 26,  0, 12, 10],
 [14, 21, 15, 16, 18, 12,  0, 17],
 [22, 19, 28, 12, 14, 10, 17,  0]]

Hybrid SPSA:     Cost=105.00, Time=0.2551s, Path=[0, np.int64(2), np.int64(6), np.int64(5), np.int64(3), np.int64(7), np.int64(4), np.int64(1), 0]
Refined SPSA:    Cost=107.00, Time=0.3317s, Path=[0, np.int64(1), np.int64(4), np.int64(7), np.int64(5), np.int64(3), np.int64(6), np.int64(2), 0]
Refined + 2-Opt: Cost=105.00, Time=0.3318s, Path=[0, np.int64(1), np.int64(4), np.int64(7), np.int64(3), np.int64(5), np.int64(6), np.int64(2), 0]
Brute Force:     Cost=99.00, Time=0.0078s, Path=[0, 2, 6, 3, 7, 5, 1, 4, 0]
--------------------------------------------------

--- 6-City Random ---
Distance Matrix:
[[ 0.  , 50.17, 82.42, 32.76, 33.2 , 35.45],
 [50.17,  0.  , 72.64, 72.51, 17.06, 80.25],
 [82.42, 72.64,  0.  , 71.69, 70.92, 82.51],
 [32.76, 72.51, 71.69,  0.  , 56.56, 11.03],
 [33.2 , 17.06, 70.92, 56.56,  0.  , 63.68],
 [35.45, 80.25, 82.51, 11.03, 63.68,  0.  ]]

Hybrid SPSA:     Cost=241.07, Time=0.1992s, Path=[0, np.int64(4), np.int64(1), np.int64(2), np.int64(3), np.int64(5), 0]
Refined SPSA:    Cost=241.07, Time=0.2599s, Path=[0, np.int64(4), np.int64(1), np.int64(2), np.int64(3), np.int64(5), 0]
Refined + 2-Opt: Cost=241.07, Time=0.2599s, Path=[0, np.int64(4), np.int64(1), np.int64(2), np.int64(3), np.int64(5), 0]
Brute Force:     Cost=241.07, Time=0.0002s, Path=[0, 4, 1, 2, 3, 5, 0]
--------------------------------------------------

--- 7-City Random ---
Distance Matrix:
[[  0.  ,  50.17,  82.42,  32.76,  33.2 ,  35.45,  86.88],
 [ 50.17,   0.  ,  72.64,  72.51,  17.06,  80.25,  39.92],
 [ 82.42,  72.64,   0.  ,  71.69,  70.92,  82.51,  67.88],
 [ 32.76,  72.51,  71.69,   0.  ,  56.56,  11.03, 101.35],
 [ 33.2 ,  17.06,  70.92,  56.56,   0.  ,  63.68,  54.71],
 [ 35.45,  80.25,  82.51,  11.03,  63.68,   0.  , 111.04],
 [ 86.88,  39.92,  67.88, 101.35,  54.71, 111.04,   0.  ]]

Hybrid SPSA:     Cost=276.22, Time=0.2256s, Path=[0, np.int64(5), np.int64(3), np.int64(2), np.int64(6), np.int64(1), np.int64(4), 0]
Refined SPSA:    Cost=310.31, Time=0.3084s, Path=[0, np.int64(5), np.int64(3), np.int64(4), np.int64(1), np.int64(6), np.int64(2), 0]
Refined + 2-Opt: Cost=276.22, Time=0.3085s, Path=[0, np.int64(5), np.int64(3), np.int64(2), np.int64(6), np.int64(1), np.int64(4), 0]
Brute Force:     Cost=276.22, Time=0.0011s, Path=[0, 4, 1, 6, 2, 3, 5, 0]
--------------------------------------------------

--- 10-City Random ---
Distance Matrix:
[[  0.  ,  50.17,  82.42,  32.76,  33.2 ,  35.45,  86.88,  79.11,  43.17,
   66.2 ],
 [ 50.17,   0.  ,  72.64,  72.51,  17.06,  80.25,  39.92,  68.93,  43.41,
   42.96],
 [ 82.42,  72.64,   0.  ,  71.69,  70.92,  82.51,  67.88,   3.76,  39.74,
   30.73],
 [ 32.76,  72.51,  71.69,   0.  ,  56.56,  11.03, 101.35,  69.39,  42.09,
   68.58],
 [ 33.2 ,  17.06,  70.92,  56.56,   0.  ,  63.68,  54.71,  67.16,  34.89,
   44.99],
 [ 35.45,  80.25,  82.51,  11.03,  63.68,   0.  , 111.04,  80.29,  52.78,
   79.36],
 [ 86.88,  39.92,  67.88, 101.35,  54.71, 111.04,   0.  ,  65.13,  61.37,
   40.82],
 [ 79.11,  68.93,   3.76,  69.39,  67.16,  80.29,  65.13,   0.  ,  36.26,
   27.24],
 [ 43.17,  43.41,  39.74,  42.09,  34.89,  52.78,  61.37,  36.26,   0.  ,
   26.62],
 [ 66.2 ,  42.96,  30.73,  68.58,  44.99,  79.36,  40.82,  27.24,  26.62,
    0.  ]]

Hybrid SPSA:     Cost=290.31, Time=0.3396s, Path=[0, np.int64(4), np.int64(1), np.int64(6), np.int64(9), np.int64(7), np.int64(2), np.int64(8), np.int64(3), np.int64(5), 0]
Refined SPSA:    Cost=420.37, Time=0.4056s, Path=[0, np.int64(1), np.int64(4), np.int64(8), np.int64(3), np.int64(5), np.int64(9), np.int64(7), np.int64(2), np.int64(6), 0]
Refined + 2-Opt: Cost=290.31, Time=0.4063s, Path=[0, np.int64(4), np.int64(1), np.int64(6), np.int64(9), np.int64(7), np.int64(2), np.int64(8), np.int64(3), np.int64(5), 0]
Brute Force:     Cost=290.31, Time=0.7066s, Path=[0, 4, 1, 6, 9, 7, 2, 8, 3, 5, 0]
--------------------------------------------------

--- 11-City Random ---
Distance Matrix:
[[  0.  ,  50.17,  82.42,  32.76,  33.2 ,  35.45,  86.88,  79.11,  43.17,
   66.2 ,  84.52],
 [ 50.17,   0.  ,  72.64,  72.51,  17.06,  80.25,  39.92,  68.93,  43.41,
   42.96,  47.46],
 [ 82.42,  72.64,   0.  ,  71.69,  70.92,  82.51,  67.88,   3.76,  39.74,
   30.73,  45.61],
 [ 32.76,  72.51,  71.69,   0.  ,  56.56,  11.03, 101.35,  69.39,  42.09,
   68.58,  91.36],
 [ 33.2 ,  17.06,  70.92,  56.56,   0.  ,  63.68,  54.71,  67.16,  34.89,
   44.99,  56.87],
 [ 35.45,  80.25,  82.51,  11.03,  63.68,   0.  , 111.04,  80.29,  52.78,
   79.36, 101.94],
 [ 86.88,  39.92,  67.88, 101.35,  54.71, 111.04,   0.  ,  65.13,  61.37,
   40.82,  23.23],
 [ 79.11,  68.93,   3.76,  69.39,  67.16,  80.29,  65.13,   0.  ,  36.26,
   27.24,  43.23],
 [ 43.17,  43.41,  39.74,  42.09,  34.89,  52.78,  61.37,  36.26,   0.  ,
   26.62,  49.3 ],
 [ 66.2 ,  42.96,  30.73,  68.58,  44.99,  79.36,  40.82,  27.24,  26.62,
    0.  ,  23.54],
 [ 84.52,  47.46,  45.61,  91.36,  56.87, 101.94,  23.23,  43.23,  49.3 ,
   23.54,   0.  ]]

Hybrid SPSA:     Cost=296.25, Time=0.3895s, Path=[0, np.int64(5), np.int64(3), np.int64(8), np.int64(2), np.int64(7), np.int64(9), np.int64(10), np.int64(6), np.int64(1), np.int64(4), 0]
Refined SPSA:    Cost=320.69, Time=0.4322s, Path=[0, np.int64(8), np.int64(2), np.int64(7), np.int64(9), np.int64(10), np.int64(6), np.int64(1), np.int64(4), np.int64(3), np.int64(5), 0]
Refined + 2-Opt: Cost=296.25, Time=0.4324s, Path=[0, np.int64(4), np.int64(1), np.int64(6), np.int64(10), np.int64(9), np.int64(7), np.int64(2), np.int64(8), np.int64(3), np.int64(5), 0]
Brute Force:     Cost=296.25, Time=7.7652s, Path=[0, 4, 1, 6, 10, 9, 7, 2, 8, 3, 5, 0]
--------------------------------------------------

--- 12-City Random ---
Distance Matrix:
[[  0.  ,  50.17,  82.42,  32.76,  33.2 ,  35.45,  86.88,  79.11,  43.17,
   66.2 ,  84.52,  59.01],
 [ 50.17,   0.  ,  72.64,  72.51,  17.06,  80.25,  39.92,  68.93,  43.41,
   42.96,  47.46,  49.74],
 [ 82.42,  72.64,   0.  ,  71.69,  70.92,  82.51,  67.88,   3.76,  39.74,
   30.73,  45.61,  25.06],
 [ 32.76,  72.51,  71.69,   0.  ,  56.56,  11.03, 101.35,  69.39,  42.09,
   68.58,  91.36,  55.19],
 [ 33.2 ,  17.06,  70.92,  56.56,   0.  ,  63.68,  54.71,  67.16,  34.89,
   44.99,  56.87,  46.07],
 [ 35.45,  80.25,  82.51,  11.03,  63.68,   0.  , 111.04,  80.29,  52.78,
   79.36, 101.94,  66.18],
 [ 86.88,  39.92,  67.88, 101.35,  54.71, 111.04,   0.  ,  65.13,  61.37,
   40.82,  23.23,  56.18],
 [ 79.11,  68.93,   3.76,  69.39,  67.16,  80.29,  65.13,   0.  ,  36.26,
   27.24,  43.23,  21.36],
 [ 43.17,  43.41,  39.74,  42.09,  34.89,  52.78,  61.37,  36.26,   0.  ,
   26.62,  49.3 ,  15.89],
 [ 66.2 ,  42.96,  30.73,  68.58,  44.99,  79.36,  40.82,  27.24,  26.62,
    0.  ,  23.54,  15.87],
 [ 84.52,  47.46,  45.61,  91.36,  56.87, 101.94,  23.23,  43.23,  49.3 ,
   23.54,   0.  ,  39.2 ],
 [ 59.01,  49.74,  25.06,  55.19,  46.07,  66.18,  56.18,  21.36,  15.89,
   15.87,  39.2 ,   0.  ]]

Hybrid SPSA:     Cost=297.25, Time=0.4200s, Path=[0, np.int64(5), np.int64(3), np.int64(8), np.int64(11), np.int64(7), np.int64(2), np.int64(9), np.int64(10), np.int64(6), np.int64(1), np.int64(4), 0]
Refined SPSA:    Cost=429.91, Time=0.4773s, Path=[0, np.int64(8), np.int64(4), np.int64(10), np.int64(11), np.int64(2), np.int64(7), np.int64(9), np.int64(6), np.int64(1), np.int64(3), np.int64(5), 0]
Refined + 2-Opt: Cost=297.25, Time=0.4781s, Path=[0, np.int64(5), np.int64(3), np.int64(8), np.int64(11), np.int64(7), np.int64(2), np.int64(9), np.int64(10), np.int64(6), np.int64(1), np.int64(4), 0]
Brute Force:     Cost=297.25, Time=91.6878s, Path=[0, 4, 1, 6, 10, 9, 2, 7, 11, 8, 3, 5, 0]
--------------------------------------------------

--- 13-City Random ---
Distance Matrix:
[[  0.  ,  50.17,  82.42,  32.76,  33.2 ,  35.45,  86.88,  79.11,  43.17,
   66.2 ,  84.52,  59.01,  18.45],
 [ 50.17,   0.  ,  72.64,  72.51,  17.06,  80.25,  39.92,  68.93,  43.41,
   42.96,  47.46,  49.74,  33.31],
 [ 82.42,  72.64,   0.  ,  71.69,  70.92,  82.51,  67.88,   3.76,  39.74,
   30.73,  45.61,  25.06,  69.71],
 [ 32.76,  72.51,  71.69,   0.  ,  56.56,  11.03, 101.35,  69.39,  42.09,
   68.58,  91.36,  55.19,  40.61],
 [ 33.2 ,  17.06,  70.92,  56.56,   0.  ,  63.68,  54.71,  67.16,  34.89,
   44.99,  56.87,  46.07,  16.43],
 [ 35.45,  80.25,  82.51,  11.03,  63.68,   0.  , 111.04,  80.29,  52.78,
   79.36, 101.94,  66.18,  47.3 ],
 [ 86.88,  39.92,  67.88, 101.35,  54.71, 111.04,   0.  ,  65.13,  61.37,
   40.82,  23.23,  56.18,  68.54],
 [ 79.11,  68.93,   3.76,  69.39,  67.16,  80.29,  65.13,   0.  ,  36.26,
   27.24,  43.23,  21.36,  66.13],
 [ 43.17,  43.41,  39.74,  42.09,  34.89,  52.78,  61.37,  36.26,   0.  ,
   26.62,  49.3 ,  15.89,  30.14],
 [ 66.2 ,  42.96,  30.73,  68.58,  44.99,  79.36,  40.82,  27.24,  26.62,
    0.  ,  23.54,  15.87,  49.45],
 [ 84.52,  47.46,  45.61,  91.36,  56.87, 101.94,  23.23,  43.23,  49.3 ,
   23.54,   0.  ,  39.2 ,  66.42],
 [ 59.01,  49.74,  25.06,  55.19,  46.07,  66.18,  56.18,  21.36,  15.89,
   15.87,  39.2 ,   0.  ,  44.98],
 [ 18.45,  33.31,  69.71,  40.61,  16.43,  47.3 ,  68.54,  66.13,  30.14,
   49.45,  66.42,  44.98,   0.  ]]

Hybrid SPSA:     Cost=298.93, Time=0.5471s, Path=[0, np.int64(5), np.int64(3), np.int64(8), np.int64(11), np.int64(7), np.int64(2), np.int64(9), np.int64(10), np.int64(6), np.int64(1), np.int64(4), np.int64(12), 0]
Refined SPSA:    Cost=454.28, Time=0.5353s, Path=[0, np.int64(5), np.int64(3), np.int64(11), np.int64(9), np.int64(12), np.int64(4), np.int64(8), np.int64(1), np.int64(6), np.int64(10), np.int64(7), np.int64(2), 0]
Refined + 2-Opt: Cost=298.93, Time=0.5363s, Path=[0, np.int64(5), np.int64(3), np.int64(8), np.int64(11), np.int64(7), np.int64(2), np.int64(9), np.int64(10), np.int64(6), np.int64(1), np.int64(4), np.int64(12), 0]
Brute Force:     Skipped
--------------------------------------------------

--- 17-City Random ---
Distance Matrix:
[[  0.  ,  50.17,  82.42,  32.76,  33.2 ,  35.45,  86.88,  79.11,  43.17,
   66.2 ,  84.52,  59.01,  18.45,  47.02,  93.01,  81.42,  30.95],
 [ 50.17,   0.  ,  72.64,  72.51,  17.06,  80.25,  39.92,  68.93,  43.41,
   42.96,  47.46,  49.74,  33.31,  53.9 ,  56.96,  44.59,  75.33],
 [ 82.42,  72.64,   0.  ,  71.69,  70.92,  82.51,  67.88,   3.76,  39.74,
   30.73,  45.61,  25.06,  69.71,  36.09,  44.99,  45.18,  79.81],
 [ 32.76,  72.51,  71.69,   0.  ,  56.56,  11.03, 101.35,  69.39,  42.09,
   68.58,  91.36,  55.19,  40.61,  37.94,  97.85,  88.65,   8.3 ],
 [ 33.2 ,  17.06,  70.92,  56.56,   0.  ,  63.68,  54.71,  67.16,  34.89,
   44.99,  56.87,  46.07,  16.43,  44.58,  66.17,  53.76,  58.77],
 [ 35.45,  80.25,  82.51,  11.03,  63.68,   0.  , 111.04,  80.29,  52.78,
   79.36, 101.94,  66.18,  47.3 ,  48.96, 108.62,  99.17,   4.92],
 [ 86.88,  39.92,  67.88, 101.35,  54.71, 111.04,   0.  ,  65.13,  61.37,
   40.82,  23.23,  56.18,  68.54,  70.11,  29.18,  22.88, 106.37],
 [ 79.11,  68.93,   3.76,  69.39,  67.16,  80.29,  65.13,   0.  ,  36.26,
   27.24,  43.23,  21.36,  66.13,  33.13,  43.28,  42.59,  77.43],
 [ 43.17,  43.41,  39.74,  42.09,  34.89,  52.78,  61.37,  36.26,   0.  ,
   26.62,  49.3 ,  15.89,  30.14,  10.51,  55.84,  46.63,  48.69],
 [ 66.2 ,  42.96,  30.73,  68.58,  44.99,  79.36,  40.82,  27.24,  26.62,
    0.  ,  23.54,  15.87,  49.45,  32.2 ,  29.27,  21.31,  75.31],
 [ 84.52,  47.46,  45.61,  91.36,  56.87, 101.94,  23.23,  43.23,  49.3 ,
   23.54,   0.  ,  39.2 ,  66.42,  55.71,   9.51,   3.13,  97.68],
 [ 59.01,  49.74,  25.06,  55.19,  46.07,  66.18,  56.18,  21.36,  15.89,
   15.87,  39.2 ,   0.  ,  44.98,  17.44,  43.88,  37.13,  62.52],
 [ 18.45,  33.31,  69.71,  40.61,  16.43,  47.3 ,  68.54,  66.13,  30.14,
   49.45,  66.42,  44.98,   0.  ,  37.3 ,  75.12,  63.3 ,  42.39],
 [ 47.02,  53.9 ,  36.09,  37.94,  44.58,  48.96,  70.11,  33.13,  10.51,
   32.2 ,  55.71,  17.44,  37.3 ,   0.  ,  61.08,  53.34,  45.5 ],
 [ 93.01,  56.96,  44.99,  97.85,  66.17, 108.62,  29.18,  43.28,  55.84,
   29.27,   9.51,  43.88,  75.12,  61.08,   0.  ,  12.5 , 104.52],
 [ 81.42,  44.59,  45.18,  88.65,  53.76,  99.17,  22.88,  42.59,  46.63,
   21.31,   3.13,  37.13,  63.3 ,  53.34,  12.5 ,   0.  ,  94.88],
 [ 30.95,  75.33,  79.81,   8.3 ,  58.77,   4.92, 106.37,  77.43,  48.69,
   75.31,  97.68,  62.52,  42.39,  45.5 , 104.52,  94.88,   0.  ]]

Hybrid SPSA:     Cost=322.07, Time=1.0146s, Path=[0, np.int64(16), np.int64(5), np.int64(3), np.int64(13), np.int64(8), np.int64(11), np.int64(7), np.int64(2), np.int64(9), np.int64(15), np.int64(10), np.int64(14), np.int64(6), np.int64(1), np.int64(4), np.int64(12), 0]
Refined SPSA:    Cost=561.84, Time=0.7052s, Path=[0, np.int64(12), np.int64(16), np.int64(13), np.int64(11), np.int64(9), np.int64(8), np.int64(3), np.int64(5), np.int64(4), np.int64(1), np.int64(10), np.int64(7), np.int64(2), np.int64(14), np.int64(15), np.int64(6), 0]
Refined + 2-Opt: Cost=322.07, Time=0.7108s, Path=[0, np.int64(16), np.int64(5), np.int64(3), np.int64(13), np.int64(8), np.int64(11), np.int64(7), np.int64(2), np.int64(9), np.int64(15), np.int64(10), np.int64(14), np.int64(6), np.int64(1), np.int64(4), np.int64(12), 0]
Brute Force:     Skipped
--------------------------------------------------

--- 20-City Random ---
Distance Matrix:
[[  0.  ,  50.17,  82.42,  32.76,  33.2 ,  35.45,  86.88,  79.11,  43.17,
   66.2 ,  84.52,  59.01,  18.45,  47.02,  93.01,  81.42,  30.95,  60.8 ,
   85.59,  59.71],
 [ 50.17,   0.  ,  72.64,  72.51,  17.06,  80.25,  39.92,  68.93,  43.41,
   42.96,  47.46,  49.74,  33.31,  53.9 ,  56.96,  44.59,  75.33,  31.4 ,
   65.85,  16.55],
 [ 82.42,  72.64,   0.  ,  71.69,  70.92,  82.51,  67.88,   3.76,  39.74,
   30.73,  45.61,  25.06,  69.71,  36.09,  44.99,  45.18,  79.81, 103.98,
   15.96,  59.98],
 [ 32.76,  72.51,  71.69,   0.  ,  56.56,  11.03, 101.35,  69.39,  42.09,
   68.58,  91.36,  55.19,  40.61,  37.94,  97.85,  88.65,   8.3 ,  90.94,
   80.71,  75.73],
 [ 33.2 ,  17.06,  70.92,  56.56,   0.  ,  63.68,  54.71,  67.16,  34.89,
   44.99,  56.87,  46.07,  16.43,  44.58,  66.17,  53.76,  58.77,  37.81,
   67.86,  28.05],
 [ 35.45,  80.25,  82.51,  11.03,  63.68,   0.  , 111.04,  80.29,  52.78,
   79.36, 101.94,  66.18,  47.3 ,  48.96, 108.62,  99.17,   4.92,  95.87,
   91.73,  84.92],
 [ 86.88,  39.92,  67.88, 101.35,  54.71, 111.04,   0.  ,  65.13,  61.37,
   40.82,  23.23,  56.18,  68.54,  70.11,  29.18,  22.88, 106.37,  61.08,
   54.01,  27.18],
 [ 79.11,  68.93,   3.76,  69.39,  67.16,  80.29,  65.13,   0.  ,  36.26,
   27.24,  43.23,  21.36,  66.13,  33.13,  43.28,  42.59,  77.43, 100.25,
   14.98,  56.42],
 [ 43.17,  43.41,  39.74,  42.09,  34.89,  52.78,  61.37,  36.26,   0.  ,
   26.62,  49.3 ,  15.89,  30.14,  10.51,  55.84,  46.63,  48.69,  71.96,
   42.71,  38.93],
 [ 66.2 ,  42.96,  30.73,  68.58,  44.99,  79.36,  40.82,  27.24,  26.62,
    0.  ,  23.54,  15.87,  49.45,  32.2 ,  29.27,  21.31,  75.31,  74.32,
   23.17,  29.3 ],
 [ 84.52,  47.46,  45.61,  91.36,  56.87, 101.94,  23.23,  43.23,  49.3 ,
   23.54,   0.  ,  39.2 ,  66.42,  55.71,   9.51,   3.13,  97.68,  75.67,
   31.01,  30.92],
 [ 59.01,  49.74,  25.06,  55.19,  46.07,  66.18,  56.18,  21.36,  15.89,
   15.87,  39.2 ,   0.  ,  44.98,  17.44,  43.88,  37.13,  62.52,  80.56,
   26.9 ,  39.9 ],
 [ 18.45,  33.31,  69.71,  40.61,  16.43,  47.3 ,  68.54,  66.13,  30.14,
   49.45,  66.42,  44.98,   0.  ,  37.3 ,  75.12,  63.3 ,  42.39,  51.01,
   70.4 ,  41.36],
 [ 47.02,  53.9 ,  36.09,  37.94,  44.58,  48.96,  70.11,  33.13,  10.51,
   32.2 ,  55.71,  17.44,  37.3 ,   0.  ,  61.08,  53.34,  45.5 ,  82.05,
   42.96,  49.02],
 [ 93.01,  56.96,  44.99,  97.85,  66.17, 108.62,  29.18,  43.28,  55.84,
   29.27,   9.51,  43.88,  75.12,  61.08,   0.  ,  12.5 , 104.52,  84.84,
   29.23,  40.43],
 [ 81.42,  44.59,  45.18,  88.65,  53.76,  99.17,  22.88,  42.59,  46.63,
   21.31,   3.13,  37.13,  63.3 ,  53.34,  12.5 ,   0.  ,  94.88,  73.15,
   31.16,  28.03],
 [ 30.95,  75.33,  79.81,   8.3 ,  58.77,   4.92, 106.37,  77.43,  48.69,
   75.31,  97.68,  62.52,  42.39,  45.5 , 104.52,  94.88,   0.  ,  91.15,
   88.43,  80.14],
 [ 60.8 ,  31.4 , 103.98,  90.94,  37.81,  95.87,  61.08, 100.25,  71.96,
   74.32,  75.67,  80.56,  51.01,  82.05,  84.84,  73.15,  91.15,   0.  ,
   97.06,  46.35],
 [ 85.59,  65.85,  15.96,  80.71,  67.86,  91.73,  54.01,  14.98,  42.71,
   23.17,  31.01,  26.9 ,  70.4 ,  42.96,  29.23,  31.16,  88.43,  97.06,
    0.  ,  51.13],
 [ 59.71,  16.55,  59.98,  75.73,  28.05,  84.92,  27.18,  56.42,  38.93,
   29.3 ,  30.92,  39.9 ,  41.36,  49.02,  40.43,  28.03,  80.14,  46.35,
   51.13,   0.  ]]

Hybrid SPSA:     Cost=386.43, Time=1.4393s, Path=[0, np.int64(16), np.int64(5), np.int64(3), np.int64(13), np.int64(8), np.int64(11), np.int64(7), np.int64(2), np.int64(18), np.int64(9), np.int64(15), np.int64(10), np.int64(14), np.int64(6), np.int64(19), np.int64(1), np.int64(17), np.int64(4), np.int64(12), 0]
Refined SPSA:    Cost=692.19, Time=0.8160s, Path=[0, np.int64(3), np.int64(5), np.int64(16), np.int64(8), np.int64(19), np.int64(4), np.int64(12), np.int64(13), np.int64(1), np.int64(6), np.int64(7), np.int64(11), np.int64(18), np.int64(9), np.int64(15), np.int64(10), np.int64(14), np.int64(2), np.int64(17), 0]
Refined + 2-Opt: Cost=386.43, Time=0.8229s, Path=[0, np.int64(16), np.int64(5), np.int64(3), np.int64(13), np.int64(8), np.int64(11), np.int64(7), np.int64(2), np.int64(18), np.int64(9), np.int64(15), np.int64(10), np.int64(14), np.int64(6), np.int64(19), np.int64(1), np.int64(17), np.int64(4), np.int64(12), 0]
Brute Force:     Skipped
--------------------------------------------------

--- 50-City Random ---
Distance Matrix:
[[  0.  ,  50.17,  82.42,  32.76,  33.2 ,  35.45,  86.88,  79.11,  43.17,
   66.2 ,  84.52,  59.01,  18.45,  47.02,  93.01,  81.42,  30.95,  60.8 ,
   85.59,  59.71,  52.08,  34.27,  31.06,  43.52,  78.5 ,  62.04,  56.77,
   22.52,  80.71,  70.68,  67.95,  74.77,  41.86,  27.68,  30.22,  85.07,
   39.3 ,  39.95,  96.23,  83.5 ,  58.81,  88.82,  62.88,  47.34,  70.13,
   34.84,  54.85,  60.49,  54.38,  91.23],
 [ 50.17,   0.  ,  72.64,  72.51,  17.06,  80.25,  39.92,  68.93,  43.41,
   42.96,  47.46,  49.74,  33.31,  53.9 ,  56.96,  44.59,  75.33,  31.4 ,
   65.85,  16.55,  61.87,  76.37,  47.75,  42.76,  45.34,  29.6 ,  36.16,
   34.99,  75.91,  73.92,  47.43,  26.05,  45.45,  62.51,  76.35,  40.2 ,
   75.81,  13.28,  52.61,  61.04,  13.34,  66.87,  50.2 ,   3.9 ,  20.02,
   62.3 ,   4.72,  11.19,  27.03,  86.03],
 [ 82.42,  72.64,   0.  ,  71.69,  70.92,  82.51,  67.88,   3.76,  39.74,
   30.73,  45.61,  25.06,  69.71,  36.09,  44.99,  45.18,  79.81, 103.98,
   15.96,  59.98,  34.09,  76.31,  51.68,  39.6 ,  39.18, 102.24, 107.69,
   88.42,   7.85,  20.24,  25.97,  70.2 ,  40.64,  64.64,  83.49,  61.77,
   67.64,  79.48,  62.07,  20.64,  84.76,  19.78,  22.94,  74.89,  79.66,
   55.84,  72.8 ,  70.16,  45.63,  13.92],
 [ 32.76,  72.51,  71.69,   0.  ,  56.56,  11.03, 101.35,  69.39,  42.09,
   68.58,  91.36,  55.19,  40.61,  37.94,  97.85,  88.65,   8.3 ,  90.94,
   80.71,  75.73,  37.65,   4.92,  28.59,  42.91,  83.84,  91.6 ,  88.19,
   54.27,  67.09,  54.1 ,  68.05,  92.38,  39.28,  10.47,  12.18,  97.75,
    7.3 ,  66.31, 106.59,  80.82,  84.09,  84.77,  59.72,  70.94,  91.8 ,
   16.48,  76.6 ,  80.43,  63.9 ,  75.9 ],
 [ 33.2 ,  17.06,  70.92,  56.56,   0.  ,  63.68,  54.71,  67.16,  34.89,
   44.99,  56.87,  46.07,  16.43,  44.58,  66.17,  53.76,  58.77,  37.81,
   67.86,  28.05,  52.43,  60.14,  34.54,  34.51,  52.6 ,  37.45,  38.65,
   21.38,  72.46,  67.49,  48.57,  41.86,  36.04,  46.97,  59.58,  53.73,
   60.52,  10.78,  65.65,  64.  ,  27.54,  69.89,  48.04,  14.66,  37.08,
   48.15,  21.69,  27.34,  29.13,  83.17],
 [ 35.45,  80.25,  82.51,  11.03,  63.68,   0.  , 111.04,  80.29,  52.78,
   79.36, 101.94,  66.18,  47.3 ,  48.96, 108.62,  99.17,   4.92,  95.87,
   91.73,  84.92,  48.55,   6.21,  38.89,  53.58,  94.51,  96.88,  92.2 ,
   57.93,  77.69,  64.51,  78.96, 101.44,  50.03,  20.64,   5.66, 107.69,
   15.52,  72.73, 116.88,  91.84,  91.1 ,  95.8 ,  70.71,  78.31,  99.94,
   27.51,  84.55,  88.87,  73.91,  86.2 ],
 [ 86.88,  39.92,  67.88, 101.35,  54.71, 111.04,   0.  ,  65.13,  61.37,
   40.82,  23.23,  56.18,  68.54,  70.11,  29.18,  22.88, 106.37,  61.08,
   54.01,  27.18,  76.46, 105.96,  72.92,  60.49,  28.71,  57.93,  69.08,
   74.73,  74.41,  79.53,  44.77,  14.45,  64.29,  90.89, 108.37,   6.17,
  102.35,  53.17,  15.12,  48.37,  41.21,  52.31,  53.35,  43.75,  26.56,
   87.12,  35.62,  28.81,  37.71,  81.38],
 [ 79.11,  68.93,   3.76,  69.39,  67.16,  80.29,  65.13,   0.  ,  36.26,
   27.24,  43.23,  21.36,  66.13,  33.13,  43.28,  42.59,  77.43, 100.25,
   14.98,  56.42,  31.75,  74.07,  48.53,  36.08,  36.49,  98.52, 103.93,
   84.76,   9.42,  19.7 ,  22.48,  66.97,  37.27,  62.01,  81.06,  59.06,
   65.62,  75.72,  59.95,  18.91,  81.1 ,  19.13,  19.18,  71.16,  76.22,
   53.35,  69.14,  66.59,  41.93,  17.37],
 [ 43.17,  43.41,  39.74,  42.09,  34.89,  52.78,  61.37,  36.26,   0.  ,
   26.62,  49.3 ,  15.89,  30.14,  10.51,  55.84,  46.63,  48.69,  71.96,
   42.71,  38.93,  18.46,  46.98,  14.51,   0.88,  41.75,  71.09,  73.52,
   49.39,  39.32,  32.69,  26.71,  55.07,   2.94,  32.19,  51.61,  57.04,
   41.68,  45.15,  64.9 ,  41.25,  56.75,  46.2 ,  19.97,  44.01,  58.53,
   26.39,  45.8 ,  46.78,  23.91,  50.15],
 [ 66.2 ,  42.96,  30.73,  68.58,  44.99,  79.36,  40.82,  27.24,  26.62,
    0.  ,  23.54,  15.87,  49.45,  32.2 ,  29.27,  21.31,  75.31,  74.32,
   23.17,  29.3 ,  37.1 ,  73.49,  40.97,  25.85,  15.65,  72.33,  78.86,
   65.21,  35.64,  38.82,   4.76,  40.22,  29.33,  58.8 ,  78.21,  35.27,
   67.58,  51.69,  40.29,  19.01,  54.42,  24.91,  12.56,  45.67,  48.99,
   52.5 ,  42.55,  39.49,  16.38,  44.6 ],
 [ 84.52,  47.46,  45.61,  91.36,  56.87, 101.94,  23.23,  43.23,  49.3 ,
   23.54,   0.  ,  39.2 ,  66.42,  55.71,   9.51,   3.13,  97.68,  75.67,
   31.01,  30.92,  60.53,  96.23,  63.1 ,  48.47,   7.94,  72.94,  82.33,
   78.25,  52.64,  59.63,  25.92,  30.7 ,  52.16,  81.3 , 100.34,  17.1 ,
   90.81,  59.71,  17.23,  25.45,  54.52,  29.1 ,  35.36,  51.18,  43.19,
   75.6 ,  44.73,  38.84,  30.15,  58.73],
 [ 59.01,  49.74,  25.06,  55.19,  46.07,  66.18,  56.18,  21.36,  15.89,
   15.87,  39.2 ,   0.  ,  44.98,  17.44,  43.88,  37.13,  62.52,  80.56,
   26.9 ,  39.9 ,  21.34,  60.1 ,  29.8 ,  15.49,  31.26,  79.12,  83.57,
   63.41,  26.55,  25.03,  13.54,  53.67,  17.67,  46.13,  65.76,  50.85,
   53.28,  55.09,  56.13,  25.91,  62.61,  30.53,   4.53,  51.47,  60.44,
   38.74,  50.76,  49.55,  23.86,  37.14],
 [ 18.45,  33.31,  69.71,  40.61,  16.43,  47.3 ,  68.54,  66.13,  30.14,
   49.45,  66.42,  44.98,   0.  ,  37.3 ,  75.12,  63.3 ,  42.39,  51.01,
   70.4 ,  41.36,  44.24,  43.96,  23.23,  30.19,  60.71,  51.36,  49.57,
   19.7 ,  69.45,  61.66,  51.82,  56.78,  29.91,  31.56,  43.16,  66.63,
   45.16,  25.7 ,  77.79,  67.64,  43.8 ,  73.24,  48.23,  31.08,  53.28,
   34.41,  37.81,  42.9 ,  36.38,  80.26],
 [ 47.02,  53.9 ,  36.09,  37.94,  44.58,  48.96,  70.11,  33.13,  10.51,
   32.2 ,  55.71,  17.44,  37.3 ,   0.  ,  61.08,  53.34,  45.5 ,  82.05,
   42.96,  49.02,   7.99,  42.83,  15.96,  11.22,  47.85,  81.29,  83.2 ,
   56.99,  33.71,  24.4 ,  30.78,  64.85,   8.61,  29.39,  48.89,  65.38,
   35.84,  55.08,  72.14,  42.88,  67.23,  46.94,  21.94,  54.41,  68.88,
   21.45,  56.31,  57.17,  33.45,  44.21],
 [ 93.01,  56.96,  44.99,  97.85,  66.17, 108.62,  29.18,  43.28,  55.84,
   29.27,   9.51,  43.88,  75.12,  61.08,   0.  ,  12.5 , 104.52,  84.84,
   29.23,  40.43,  65.01, 102.76,  70.06,  55.06,  14.58,  82.05,  91.66,
   87.54,  52.56,  61.42,  30.35,  39.  ,  58.59,  88.03, 107.36,  23.56,
   96.74,  69.21,  18.1 ,  24.4 ,  63.72,  26.21,  39.61,  60.68,  51.79,
   81.74,  54.17,  48.17,  38.74,  57.03],
 [ 81.42,  44.59,  45.18,  88.65,  53.76,  99.17,  22.88,  42.59,  46.63,
   21.31,   3.13,  37.13,  63.3 ,  53.34,  12.5 ,   0.  ,  94.88,  73.15,
   31.16,  28.03,  58.41,  93.51,  60.31,  45.79,   6.25,  70.47,  79.67,
   75.14,  51.97,  58.32,  24.1 ,  28.91,  49.52,  78.53,  97.5 ,  16.71,
   88.23,  56.72,  19.  ,  25.5 ,  51.99,  29.66,  33.45,  48.27,  41.14,
   72.98,  41.97,  36.22,  27.06,  58.55],
 [ 30.95,  75.33,  79.81,   8.3 ,  58.77,   4.92, 106.37,  77.43,  48.69,
   75.31,  97.68,  62.52,  42.39,  45.5 , 104.52,  94.88,   0.  ,  91.15,
   88.43,  80.14,  45.73,   5.01,  34.57,  49.47,  90.32,  92.11,  87.61,
   53.35,  75.33,  62.39,  75.09,  96.64,  46.  ,  16.51,   3.92, 103.1 ,
   14.61,  67.84, 112.43,  88.32,  86.19,  92.44,  67.04,  73.39,  95.03,
   24.19,  79.64,  83.99,  69.37,  84.19],
 [ 60.8 ,  31.4 , 103.98,  90.94,  37.81,  95.87,  61.08, 100.25,  71.96,
   74.32,  75.67,  80.56,  51.01,  82.05,  84.84,  73.15,  91.15,   0.  ,
   97.06,  46.35,  89.99,  93.67,  72.17,  71.47,  75.12,   3.35,   9.03,
   38.48, 106.98, 103.95,  78.82,  47.19,  73.44,  82.47,  90.88,  63.96,
   96.01,  27.07,  75.96,  92.1 ,  21.16,  97.86,  81.37,  29.14,  34.52,
   85.14,  32.1 ,  37.  ,  58.41, 117.25],
 [ 85.59,  65.85,  15.96,  80.71,  67.86,  91.73,  54.01,  14.98,  42.71,
   23.17,  31.01,  26.9 ,  70.4 ,  42.96,  29.23,  31.16,  88.43,  97.06,
    0.  ,  51.13,  43.74,  85.54,  56.67,  42.25,  25.73,  94.93, 101.91,
   87.48,  23.74,  34.51,  19.3 ,  58.47,  44.57,  72.33,  91.85,  47.84,
   77.76,  74.86,  46.73,   5.68,  76.69,   4.31,  22.76,  68.71,  69.26,
   64.28,  65.04,  61.19,  39.55,  27.94],
 [ 59.71,  16.55,  59.98,  75.73,  28.05,  84.92,  27.18,  56.42,  38.93,
   29.3 ,  30.92,  39.9 ,  41.36,  49.02,  40.43,  28.03,  80.14,  46.35,
   51.13,   0.  ,  56.49,  80.15,  48.01,  38.1 ,  29.  ,  44.  ,  52.14,
   48.94,  64.38,  64.92,  34.04,  16.68,  41.61,  65.29,  81.89,  25.7 ,
   77.56,  28.97,  37.63,  45.97,  25.6 ,  51.64,  39.06,  20.26,  20.55,
   62.72,  14.33,  10.2 ,  16.2 ,  73.79],
 [ 52.08,  61.87,  34.09,  37.65,  52.43,  48.55,  76.46,  31.75,  18.46,
   37.1 ,  60.53,  21.34,  44.24,   7.99,  65.01,  58.41,  45.73,  89.99,
   43.74,  56.49,   0.  ,  42.33,  21.61,  19.13,  52.6 ,  89.26,  90.99,
   63.92,  30.11,  18.64,  34.81,  72.01,  16.58,  30.76,  49.4 ,  71.46,
   34.08,  62.98,  77.39,  44.7 ,  75.21,  47.95,  25.42,  62.4 ,  76.55,
   21.81,  64.22,  64.89,  40.64,  39.92],
 [ 34.27,  76.37,  76.31,   4.92,  60.14,   6.21, 105.96,  74.07,  46.98,
   73.49,  96.23,  60.1 ,  43.96,  42.83, 102.76,  93.51,   5.01,  93.67,
   85.54,  80.15,  42.33,   0.  ,  33.36,  47.79,  88.73,  94.48,  90.52,
   56.37,  71.54,  58.41,  72.97,  96.76,  44.18,  15.11,   8.73, 102.44,
    9.82,  69.62, 111.39,  85.71,  87.67,  89.62,  64.63,  74.64,  95.83,
   21.38,  80.55,  84.57,  68.6 ,  80.15],
 [ 31.06,  47.75,  51.68,  28.59,  34.54,  38.89,  72.92,  48.53,  14.51,
   40.97,  63.1 ,  29.8 ,  23.23,  15.96,  70.06,  60.31,  34.57,  72.17,
   56.67,  48.01,  21.61,  33.36,   0.  ,  15.2 ,  55.77,  71.97,  71.93,
   42.69,  49.66,  39.91,  41.22,  64.68,  12.19,  18.28,  37.3 ,  69.19,
   29.59,  45.3 ,  78.04,  55.57,  60.56,  60.33,  34.14,  47.15,  65.66,
   14.81,  51.21,  53.93,  35.34,  60.17],
 [ 43.52,  42.76,  39.6 ,  42.91,  34.51,  53.58,  60.49,  36.08,   0.88,
   25.85,  48.47,  15.49,  30.19,  11.22,  55.06,  45.79,  49.47,  71.47,
   42.25,  38.1 ,  19.13,  47.79,  15.2 ,   0.  ,  40.94,  70.56,  73.11,
   49.33,  39.35,  33.01,  26.04,  54.22,   3.82,  32.98,  52.36,  56.16,
   42.55,  44.7 ,  64.04,  40.69,  56.1 ,  45.69,  19.49,  43.41,  57.75,
   27.24,  45.1 ,  46.  ,  23.04,  50.18],
 [ 78.5 ,  45.34,  39.18,  83.84,  52.6 ,  94.51,  28.71,  36.49,  41.75,
   15.65,   7.94,  31.26,  60.71,  47.85,  14.58,   6.25,  90.32,  75.12,
   25.73,  29.  ,  52.6 ,  88.73,  55.77,  40.94,   0.  ,  72.61,  81.14,
   73.88,  45.84,  52.08,  18.02,  33.03,  44.57,  73.88,  93.07,  22.6 ,
   83.1 ,  56.72,  25.04,  20.05,  54.07,  24.76,  27.43,  48.83,  44.56,
   67.94,  43.3 ,  38.18,  24.39,  52.69],
 [ 62.04,  29.6 , 102.24,  91.6 ,  37.45,  96.88,  57.93,  98.52,  71.09,
   72.33,  72.94,  79.12,  51.36,  81.29,  82.05,  70.47,  92.11,   3.35,
   94.93,  44.  ,  89.26,  94.48,  71.97,  70.56,  72.61,   0.  ,  12.34,
   39.96, 105.44, 102.8 ,  76.89,  44.15,  72.68,  82.91,  91.97,  60.93,
   96.49,  26.67,  72.86,  89.89,  18.55,  95.62,  79.76,  27.66,  31.39,
   85.22,  29.89,  34.44,  56.61, 115.61],
 [ 56.77,  36.16, 107.69,  88.19,  38.65,  92.2 ,  69.08, 103.93,  73.52,
   78.86,  82.33,  83.57,  49.57,  83.2 ,  91.66,  79.67,  87.61,   9.03,
  101.91,  52.14,  90.99,  90.52,  71.93,  73.11,  81.14,  12.34,   0.  ,
   34.27, 110.12, 106.02,  83.19,  54.94,  74.68,  80.39,  86.98,  71.59,
   93.73,  28.57,  83.78,  97.18,  28.21, 103.02,  84.82,  33.2 ,  42.58,
   83.98,  37.84,  43.5 ,  62.61, 120.62],
 [ 22.52,  34.99,  88.42,  54.27,  21.38,  57.93,  74.73,  84.76,  49.39,
   65.21,  78.25,  63.41,  19.7 ,  56.99,  87.54,  75.14,  53.35,  38.48,
   87.48,  48.94,  63.92,  56.37,  42.69,  49.33,  73.88,  39.96,  34.27,
    0.  ,  88.68,  81.32,  68.33,  61.04,  49.42,  47.24,  52.74,  74.39,
   60.19,  22.15,  86.54,  84.08,  39.94,  89.89,  66.21,  31.33,  53.47,
   52.18,  39.57,  46.17,  50.  ,  99.51],
 [ 80.71,  75.91,   7.85,  67.09,  72.46,  77.69,  74.41,   9.42,  39.32,
   35.64,  52.64,  26.55,  69.45,  33.71,  52.56,  51.97,  75.33, 106.98,
   23.74,  64.38,  30.11,  71.54,  49.66,  39.35,  45.84, 105.44, 110.12,
   88.68,   0.  ,  13.64,  30.95,  75.75,  39.65,  60.85,  79.1 ,  68.38,
   62.5 ,  81.64,  69.36,  28.16,  88.47,  27.62,  25.73,  77.85,  84.51,
   51.82,  76.51,  74.46,  49.21,  10.83],
 [ 70.68,  73.92,  20.24,  54.1 ,  67.49,  64.51,  79.53,  19.7 ,  32.69,
   38.82,  59.63,  25.03,  61.66,  24.4 ,  61.42,  58.32,  62.39, 103.95,
   34.51,  64.92,  18.64,  58.41,  39.91,  33.01,  52.08, 102.8 , 106.02,
   81.32,  13.64,   0.  ,  34.77,  78.41,  32.06,  48.64,  66.22,  73.8 ,
   49.17,  77.51,  76.83,  37.68,  87.05,  38.75,  26.58,  75.22,  85.47,
   39.5 ,  75.35,  74.5 ,  48.83,  21.83],
 [ 67.95,  47.43,  25.97,  68.05,  48.57,  78.96,  44.77,  22.48,  26.71,
    4.76,  25.92,  13.54,  51.82,  30.78,  30.35,  24.1 ,  75.09,  78.82,
   19.3 ,  34.04,  34.81,  72.97,  41.22,  26.04,  18.02,  76.89,  83.19,
   68.33,  30.95,  34.77,   0.  ,  44.83,  29.2 ,  58.58,  78.15,  39.04,
   66.55,  55.74,  43.05,  15.84,  59.07,  21.57,   9.45,  50.03,  53.75,
   51.74,  47.17,  44.23,  20.58,  39.83],
 [ 74.77,  26.05,  70.2 ,  92.38,  41.86, 101.44,  14.45,  66.97,  55.07,
   40.22,  30.7 ,  53.67,  56.78,  64.85,  39.  ,  28.91,  96.64,  47.19,
   58.47,  16.68,  72.01,  96.76,  64.68,  54.22,  33.03,  44.15,  54.94,
   61.04,  75.75,  78.41,  44.83,   0.  ,  57.85,  81.95,  98.28,  16.78,
   94.24,  39.17,  28.85,  52.84,  26.88,  57.78,  51.87,  29.78,  12.94,
   79.37,  21.55,  14.87,  31.41,  84.1 ],
 [ 41.86,  45.45,  40.64,  39.28,  36.04,  50.03,  64.29,  37.27,   2.94,
   29.33,  52.16,  17.67,  29.91,   8.61,  58.59,  49.52,  46.  ,  73.44,
   44.57,  41.61,  16.58,  44.18,  12.19,   3.82,  44.57,  72.68,  74.68,
   49.42,  39.65,  32.06,  29.2 ,  57.85,   0.  ,  29.49,  48.98,  59.98,
   38.76,  46.49,  67.83,  43.38,  58.77,  48.17,  21.96,  45.86,  61.04,
   23.48,  48.02,  49.25,  26.78,  50.43],
 [ 27.68,  62.51,  64.64,  10.47,  46.97,  20.64,  90.89,  62.01,  32.19,
   58.8 ,  81.3 ,  46.13,  31.56,  29.39,  88.03,  78.53,  16.51,  82.47,
   72.33,  65.29,  30.76,  15.11,  18.28,  32.98,  73.88,  82.91,  80.39,
   47.24,  60.85,  48.64,  58.58,  81.95,  29.49,   0.  ,  19.63,  87.34,
   13.61,  57.06,  96.31,  72.  ,  74.4 ,  76.27,  50.64,  61.13,  81.6 ,
    9.15,  66.5 ,  70.15,  53.49,  70.38],
 [ 30.22,  76.35,  83.49,  12.18,  59.58,   5.66, 108.37,  81.06,  51.61,
   78.21, 100.34,  65.76,  43.16,  48.89, 107.36,  97.5 ,   3.92,  90.88,
   91.85,  81.89,  49.4 ,   8.73,  37.3 ,  52.36,  93.07,  91.97,  86.98,
   52.74,  79.1 ,  66.22,  78.15,  98.28,  48.98,  19.63,   0.  , 105.26,
   18.48,  68.29, 114.83,  91.61,  86.83,  95.83,  70.27,  74.24,  96.19,
   27.73,  80.75,  85.33,  71.68,  88.04],
 [ 85.07,  40.2 ,  61.77,  97.75,  53.73, 107.69,   6.17,  59.06,  57.04,
   35.27,  17.1 ,  50.85,  66.63,  65.38,  23.56,  16.71, 103.1 ,  63.96,
   47.84,  25.7 ,  71.46, 102.44,  69.19,  56.16,  22.6 ,  60.93,  71.59,
   74.39,  68.38,  73.8 ,  39.04,  16.78,  59.98,  87.34, 105.26,   0.  ,
   98.4 ,  53.43,  12.47,  42.2 ,  43.42,  46.16,  47.83,  44.09,  29.67,
   83.11,  36.27,  29.51,  33.86,  75.23],
 [ 39.3 ,  75.81,  67.64,   7.3 ,  60.52,  15.52, 102.35,  65.62,  41.68,
   67.58,  90.81,  53.28,  45.16,  35.84,  96.74,  88.23,  14.61,  96.01,
   77.76,  77.56,  34.08,   9.82,  29.59,  42.55,  83.1 ,  96.49,  93.73,
   60.19,  62.5 ,  49.17,  66.55,  94.24,  38.76,  13.61,  18.48,  98.4 ,
    0.  ,  70.66, 106.59,  78.36,  87.88,  81.93,  57.76,  74.56,  94.61,
   15.32,  79.69,  83.03,  64.65,  70.78],
 [ 39.95,  13.28,  79.48,  66.31,  10.78,  72.73,  53.17,  75.72,  45.15,
   51.69,  59.71,  55.09,  25.7 ,  55.08,  69.21,  56.72,  67.84,  27.07,
   74.86,  28.97,  62.98,  69.62,  45.3 ,  44.7 ,  56.72,  26.67,  28.57,
   22.15,  81.64,  77.51,  55.74,  39.17,  46.49,  57.06,  68.29,  53.43,
   70.66,   0.  ,  65.81,  70.52,  18.86,  76.43,  56.55,   9.42,  31.38,
   58.75,  17.62,  24.38,  35.32,  92.2 ],
 [ 96.23,  52.61,  62.07, 106.59,  65.65, 116.88,  15.12,  59.95,  64.9 ,
   40.29,  17.23,  56.13,  77.79,  72.14,  18.1 ,  19.  , 112.43,  75.96,
   46.73,  37.63,  77.39, 111.39,  78.04,  64.04,  25.04,  72.86,  83.78,
   86.54,  69.36,  76.83,  43.05,  28.85,  67.83,  96.31, 114.83,  12.47,
  106.59,  65.81,   0.  ,  41.49,  55.69,  44.05,  52.43,  56.51,  41.47,
   91.28,  48.73,  41.98,  43.21,  74.66],
 [ 83.5 ,  61.04,  20.64,  80.82,  64.  ,  91.84,  48.37,  18.91,  41.25,
   19.01,  25.45,  25.91,  67.64,  42.88,  24.4 ,  25.5 ,  88.32,  92.1 ,
    5.68,  45.97,  44.7 ,  85.71,  55.57,  40.69,  20.05,  89.89,  97.18,
   84.08,  28.16,  37.68,  15.84,  52.84,  43.38,  72.  ,  91.61,  42.2 ,
   78.36,  70.52,  41.49,   0.  ,  71.56,   5.91,  21.46,  64.02,  63.76,
   64.34,  60.02,  55.95,  35.23,  33.31],
 [ 58.81,  13.34,  84.76,  84.09,  27.54,  91.1 ,  41.21,  81.1 ,  56.75,
   54.42,  54.52,  62.61,  43.8 ,  67.23,  63.72,  51.99,  86.19,  21.16,
   76.69,  25.6 ,  75.21,  87.67,  60.56,  56.1 ,  54.07,  18.55,  28.21,
   39.94,  88.47,  87.05,  59.07,  26.88,  58.77,  74.4 ,  86.83,  43.42,
   87.88,  18.86,  55.69,  71.56,   0.  ,  77.24,  62.75,  13.43,  15.3 ,
   74.89,  11.96,  15.89,  39.26,  98.35],
 [ 88.82,  66.87,  19.78,  84.77,  69.89,  95.8 ,  52.31,  19.13,  46.2 ,
   24.91,  29.1 ,  30.53,  73.24,  46.94,  26.21,  29.66,  92.44,  97.86,
    4.31,  51.64,  47.95,  89.62,  60.33,  45.69,  24.76,  95.62, 103.02,
   89.89,  27.62,  38.75,  21.57,  57.78,  48.17,  76.27,  95.83,  46.16,
   81.93,  76.43,  44.05,   5.91,  77.24,   0.  ,  26.24,  69.89,  69.03,
   68.32,  65.77,  61.54,  41.14,  30.87],
 [ 62.88,  50.2 ,  22.94,  59.72,  48.04,  70.71,  53.35,  19.18,  19.97,
   12.56,  35.36,   4.53,  48.23,  21.94,  39.61,  33.45,  67.04,  81.37,
   22.76,  39.06,  25.42,  64.63,  34.14,  19.49,  27.43,  79.76,  84.82,
   66.21,  25.73,  26.58,   9.45,  51.87,  21.96,  50.64,  70.27,  47.83,
   57.76,  56.55,  52.43,  21.46,  62.75,  26.24,   0.  ,  52.23,  59.47,
   43.27,  50.8 ,  48.99,  23.52,  35.88],
 [ 47.34,   3.9 ,  74.89,  70.94,  14.66,  78.31,  43.75,  71.16,  44.01,
   45.67,  51.18,  51.47,  31.08,  54.41,  60.68,  48.27,  73.39,  29.14,
   68.71,  20.26,  62.4 ,  74.64,  47.15,  43.41,  48.83,  27.66,  33.2 ,
   31.33,  77.85,  75.22,  50.03,  29.78,  45.86,  61.13,  74.24,  44.09,
   74.56,   9.42,  56.51,  64.02,  13.43,  69.89,  52.23,   0.  ,  22.84,
   61.47,   8.24,  14.96,  29.48,  88.12],
 [ 70.13,  20.02,  79.66,  91.8 ,  37.08,  99.94,  26.56,  76.22,  58.53,
   48.99,  43.19,  60.44,  53.28,  68.88,  51.79,  41.14,  95.03,  34.52,
   69.26,  20.55,  76.55,  95.83,  65.66,  57.75,  44.56,  31.39,  42.58,
   53.47,  84.51,  85.47,  53.75,  12.94,  61.04,  81.6 ,  96.19,  29.67,
   94.61,  31.38,  41.47,  63.76,  15.3 ,  69.03,  59.47,  22.84,   0.  ,
   80.46,  15.46,  11.82,  36.72,  93.56],
 [ 34.84,  62.3 ,  55.84,  16.48,  48.15,  27.51,  87.12,  53.35,  26.39,
   52.5 ,  75.6 ,  38.74,  34.41,  21.45,  81.74,  72.98,  24.19,  85.14,
   64.28,  62.72,  21.81,  21.38,  14.81,  27.24,  67.94,  85.22,  83.98,
   52.18,  51.82,  39.5 ,  51.74,  79.37,  23.48,   9.15,  27.73,  83.11,
   15.32,  58.75,  91.28,  64.34,  74.89,  68.32,  43.27,  61.47,  80.46,
    0.  ,  65.9 ,  68.73,  49.41,  61.26],
 [ 54.85,   4.72,  72.8 ,  76.6 ,  21.69,  84.55,  35.62,  69.14,  45.8 ,
   42.55,  44.73,  50.76,  37.81,  56.31,  54.17,  41.97,  79.64,  32.1 ,
   65.04,  14.33,  64.22,  80.55,  51.21,  45.1 ,  43.3 ,  29.89,  37.84,
   39.57,  76.51,  75.35,  47.17,  21.55,  48.02,  66.5 ,  80.75,  36.27,
   79.69,  17.62,  48.73,  60.02,  11.96,  65.77,  50.8 ,   8.24,  15.46,
   65.9 ,   0.  ,   6.82,  27.3 ,  86.39],
 [ 60.49,  11.19,  70.16,  80.43,  27.34,  88.87,  28.81,  66.59,  46.78,
   39.49,  38.84,  49.55,  42.9 ,  57.17,  48.17,  36.22,  83.99,  37.  ,
   61.19,  10.2 ,  64.89,  84.57,  53.93,  46.  ,  38.18,  34.44,  43.5 ,
   46.17,  74.46,  74.5 ,  44.23,  14.87,  49.25,  70.15,  85.33,  29.51,
   83.03,  24.38,  41.98,  55.95,  15.89,  61.54,  48.99,  14.96,  11.82,
   68.73,   6.82,   0.  ,  25.69,  83.95],
 [ 54.38,  27.03,  45.63,  63.9 ,  29.13,  73.91,  37.71,  41.93,  23.91,
   16.38,  30.15,  23.86,  36.38,  33.45,  38.74,  27.06,  69.37,  58.41,
   39.55,  16.2 ,  40.64,  68.6 ,  35.34,  23.04,  24.39,  56.61,  62.61,
   50.  ,  49.21,  48.83,  20.58,  31.41,  26.78,  53.49,  71.68,  33.86,
   64.65,  35.32,  43.21,  35.23,  39.26,  41.14,  23.52,  29.48,  36.72,
   49.41,  27.3 ,  25.69,   0.  ,  59.12],
 [ 91.23,  86.03,  13.92,  75.9 ,  83.17,  86.2 ,  81.38,  17.37,  50.15,
   44.6 ,  58.73,  37.14,  80.26,  44.21,  57.03,  58.55,  84.19, 117.25,
   27.94,  73.79,  39.92,  80.15,  60.17,  50.18,  52.69, 115.61, 120.62,
   99.51,  10.83,  21.83,  39.83,  84.1 ,  50.43,  70.38,  88.04,  75.23,
   70.78,  92.2 ,  74.66,  33.31,  98.35,  30.87,  35.88,  88.12,  93.56,
   61.26,  86.39,  83.95,  59.12,   0.  ]]

Hybrid SPSA:     Skipped
Refined SPSA:    Cost=2207.75, Time=1.9928s, Path=[0, np.int64(16), np.int64(30), np.int64(8), np.int64(42), np.int64(11), np.int64(20), np.int64(6), np.int64(1), np.int64(19), np.int64(32), np.int64(23), np.int64(18), np.int64(10), np.int64(34), np.int64(36), np.int64(45), np.int64(49), np.int64(33), np.int64(46), np.int64(14), np.int64(29), np.int64(21), np.int64(15), np.int64(28), np.int64(41), np.int64(7), np.int64(2), np.int64(39), np.int64(37), np.int64(4), np.int64(9), np.int64(40), np.int64(12), np.int64(24), np.int64(27), np.int64(38), np.int64(17), np.int64(35), np.int64(31), np.int64(44), np.int64(47), np.int64(43), np.int64(5), np.int64(48), np.int64(13), np.int64(25), np.int64(26), np.int64(22), np.int64(3), 0]
Refined + 2-Opt: Cost=587.09, Time=2.3884s, Path=[0, np.int64(34), np.int64(16), np.int64(5), np.int64(21), np.int64(3), np.int64(36), np.int64(33), np.int64(45), np.int64(22), np.int64(32), np.int64(8), np.int64(23), np.int64(13), np.int64(20), np.int64(29), np.int64(28), np.int64(49), np.int64(2), np.int64(7), np.int64(18), np.int64(41), np.int64(39), np.int64(42), np.int64(11), np.int64(30), np.int64(9), np.int64(24), np.int64(15), np.int64(10), np.int64(14), np.int64(38), np.int64(35), np.int64(6), np.int64(31), np.int64(19), np.int64(48), np.int64(1), np.int64(46), np.int64(47), np.int64(44), np.int64(40), np.int64(25), np.int64(17), np.int64(26), np.int64(37), np.int64(43), np.int64(4), np.int64(12), np.int64(27), 0]
Brute Force:     Skipped
--------------------------------------------------

--- 100-City Random ---
Distance Matrix:
[[  0.  ,  50.17,  82.42,  32.76,  33.2 ,  35.45,  86.88,  79.11,  43.17,
   66.2 ,  84.52,  59.01,  18.45,  47.02,  93.01,  81.42,  30.95,  60.8 ,
   85.59,  59.71,  52.08,  34.27,  31.06,  43.52,  78.5 ,  62.04,  56.77,
   22.52,  80.71,  70.68,  67.95,  74.77,  41.86,  27.68,  30.22,  85.07,
   39.3 ,  39.95,  96.23,  83.5 ,  58.81,  88.82,  62.88,  47.34,  70.13,
   34.84,  54.85,  60.49,  54.38,  91.23,  46.53,  44.62,  88.1 ,  19.84,
   88.58,  79.4 ,  57.32,  27.07,  87.64,  66.15,  43.63,  84.26,  54.37,
   45.25,  57.33,  72.99,  66.39,  84.66,  28.66,   2.37,  91.33,  66.13,
   91.82,  50.59,  74.57,  88.92,  51.53,  93.58,  35.26,  26.12,  31.85,
   48.91,  30.68,  76.61,  49.08,  98.2 ,  73.72,  82.22,  64.67,  98.86,
   83.79,  55.5 ,  31.32,  59.36,  72.56,  28.65,  61.43,  60.26,  35.55,
   54.03],
 [ 50.17,   0.  ,  72.64,  72.51,  17.06,  80.25,  39.92,  68.93,  43.41,
   42.96,  47.46,  49.74,  33.31,  53.9 ,  56.96,  44.59,  75.33,  31.4 ,
   65.85,  16.55,  61.87,  76.37,  47.75,  42.76,  45.34,  29.6 ,  36.16,
   34.99,  75.91,  73.92,  47.43,  26.05,  45.45,  62.51,  76.35,  40.2 ,
   75.81,  13.28,  52.61,  61.04,  13.34,  66.87,  50.2 ,   3.9 ,  20.02,
   62.3 ,   4.72,  11.19,  27.03,  86.03,  70.16,  42.72,  39.1 ,  35.78,
   72.48,  62.2 ,  28.8 ,  29.01,  41.83,  17.12,  30.69,  64.04,  53.25,
   27.58,  73.04,  49.07,  66.55,  34.69,  23.74,  52.43,  41.65,  37.92,
   71.8 ,  15.56,  75.2 ,  40.  ,  59.72,  43.76,  17.36,  51.11,  36.58,
   11.68,  68.39,  58.22,  69.13,  58.46,  43.23,  43.31,  21.59,  50.45,
   62.31,  33.88,  47.8 ,   9.57,  41.02,  70.52,  17.19,  46.55,  29.85,
   23.85],
 [ 82.42,  72.64,   0.  ,  71.69,  70.92,  82.51,  67.88,   3.76,  39.74,
   30.73,  45.61,  25.06,  69.71,  36.09,  44.99,  45.18,  79.81, 103.98,
   15.96,  59.98,  34.09,  76.31,  51.68,  39.6 ,  39.18, 102.24, 107.69,
   88.42,   7.85,  20.24,  25.97,  70.2 ,  40.64,  64.64,  83.49,  61.77,
   67.64,  79.48,  62.07,  20.64,  84.76,  19.78,  22.94,  74.89,  79.66,
   55.84,  72.8 ,  70.16,  45.63,  13.92,  49.63,  38.65,  75.73,  65.13,
   10.74,  13.38, 101.19,  86.01,  64.84,  83.03,  98.59,  16.84,  28.05,
   96.69,  38.48,  26.96,  18.52,  80.45,  65.64,  84.18,  81.21,  37.07,
   17.54,  57.09,  16.12,  75.69,  33.36,  83.41,  79.57,  57.8 ,  52.13,
   61.01,  68.25,  16.76,  44.99,  53.99,  36.3 ,  48.95,  58.26,  78.09,
   18.99, 105.41,  51.42,  77.24,  38.34,  74.39,  88.42,  26.61,  93.49,
   96.11],
 [ 32.76,  72.51,  71.69,   0.  ,  56.56,  11.03, 101.35,  69.39,  42.09,
   68.58,  91.36,  55.19,  40.61,  37.94,  97.85,  88.65,   8.3 ,  90.94,
   80.71,  75.73,  37.65,   4.92,  28.59,  42.91,  83.84,  91.6 ,  88.19,
   54.27,  67.09,  54.1 ,  68.05,  92.38,  39.28,  10.47,  12.18,  97.75,
    7.3 ,  66.31, 106.59,  80.82,  84.09,  84.77,  59.72,  70.94,  91.8 ,
   16.48,  76.6 ,  80.43,  63.9 ,  75.9 ,  23.13,  44.  , 104.98,  36.93,
   80.74,  74.2 ,  87.35,  57.53, 100.88,  89.62,  75.  ,  79.96,  47.08,
   76.  ,  35.91,  73.75,  53.22, 103.81,  48.87,  32.33, 109.33,  71.58,
   85.97,  66.05,  58.76, 105.62,  38.66, 111.8 ,  62.29,  22.64,  38.81,
   66.36,   4.46,  72.87,  27.58, 105.15,  78.44,  90.73,  79.4 , 114.15,
   80.41,  86.67,  28.72,  82.04,  78.24,   4.68,  87.4 ,  58.84,  66.86,
   83.35],
 [ 33.2 ,  17.06,  70.92,  56.56,   0.  ,  63.68,  54.71,  67.16,  34.89,
   44.99,  56.87,  46.07,  16.43,  44.58,  66.17,  53.76,  58.77,  37.81,
   67.86,  28.05,  52.43,  60.14,  34.54,  34.51,  52.6 ,  37.45,  38.65,
   21.38,  72.46,  67.49,  48.57,  41.86,  36.04,  46.97,  59.58,  53.73,
   60.52,  10.78,  65.65,  64.  ,  27.54,  69.89,  48.04,  14.66,  37.08,
   48.15,  21.69,  27.34,  29.13,  83.17,  57.42,  34.93,  55.17,  19.66,
   73.27,  62.93,  34.35,  16.65,  55.95,  33.68,  27.91,  66.17,  46.71,
   26.52,  62.61,  51.95,  60.73,  51.47,   8.25,  35.49,  58.2 ,  42.02,
   74.2 ,  20.56,  69.75,  56.02,  50.59,  60.42,   8.89,  36.4 ,  24.53,
   17.53,  52.64,  59.21,  57.25,  69.57,  48.97,  53.55,  33.37,  66.19,
   64.9 ,  36.52,  34.65,  26.47,  47.17,  54.21,  30.85,  44.44,  22.65,
   29.48],
 [ 35.45,  80.25,  82.51,  11.03,  63.68,   0.  , 111.04,  80.29,  52.78,
   79.36, 101.94,  66.18,  47.3 ,  48.96, 108.62,  99.17,   4.92,  95.87,
   91.73,  84.92,  48.55,   6.21,  38.89,  53.58,  94.51,  96.88,  92.2 ,
   57.93,  77.69,  64.51,  78.96, 101.44,  50.03,  20.64,   5.66, 107.69,
   15.52,  72.73, 116.88,  91.84,  91.1 ,  95.8 ,  70.71,  78.31,  99.94,
   27.51,  84.55,  88.87,  73.91,  86.2 ,  33.37,  54.69, 114.28,  44.49,
   91.69,  85.23,  92.34,  62.07, 110.76,  97.25,  79.03,  90.98,  58.11,
   80.49,  45.94,  84.66,  64.  , 112.65,  56.52,  34.31, 118.44,  82.15,
   96.97,  75.18,  69.2 , 114.95,  49.63, 120.88,  68.4 ,  32.49,  48.43,
   75.11,  15.16,  83.89,  37.96, 115.78,  89.12, 101.14,  88.85, 123.78,
   91.44,  90.88,  39.04,  89.81,  88.84,  10.27,  94.21,  69.76,  70.91,
   88.71],
 [ 86.88,  39.92,  67.88, 101.35,  54.71, 111.04,   0.  ,  65.13,  61.37,
   40.82,  23.23,  56.18,  68.54,  70.11,  29.18,  22.88, 106.37,  61.08,
   54.01,  27.18,  76.46, 105.96,  72.92,  60.49,  28.71,  57.93,  69.08,
   74.73,  74.41,  79.53,  44.77,  14.45,  64.29,  90.89, 108.37,   6.17,
  102.35,  53.17,  15.12,  48.37,  41.21,  52.31,  53.35,  43.75,  26.56,
   87.12,  35.62,  28.81,  37.71,  81.38,  90.63,  59.68,   8.37,  68.79,
   61.86,  54.51,  60.37,  68.85,   3.86,  33.25,  68.42,  52.45,  64.15,
   64.86,  87.78,  41.51,  72.35,  15.65,  58.24,  89.25,  13.59,  34.67,
   57.5 ,  36.6 ,  78.38,   8.06,  74.13,  15.61,  57.22,  78.74,  62.63,
   37.97,  96.9 ,  51.23,  87.75,  24.96,  32.07,  19.11,  22.46,  12.83,
   50.12,  67.14,  72.83,  34.32,  30.42, 100.78,  42.62,  51.2 ,  69.3 ,
   57.02],
 [ 79.11,  68.93,   3.76,  69.39,  67.16,  80.29,  65.13,   0.  ,  36.26,
   27.24,  43.23,  21.36,  66.13,  33.13,  43.28,  42.59,  77.43, 100.25,
   14.98,  56.42,  31.75,  74.07,  48.53,  36.08,  36.49,  98.52, 103.93,
   84.76,   9.42,  19.7 ,  22.48,  66.97,  37.27,  62.01,  81.06,  59.06,
   65.62,  75.72,  59.95,  18.91,  81.1 ,  19.13,  19.18,  71.16,  76.22,
   53.35,  69.14,  66.59,  41.93,  17.37,  47.73,  35.11,  72.87,  61.61,
   11.63,  11.02,  97.45,  82.3 ,  62.19,  79.49,  94.83,  15.47,  24.8 ,
   92.93,  37.11,  23.87,  16.62,  77.38,  61.93,  80.91,  78.36,  33.66,
   17.91,  53.38,  16.14,  72.86,  30.83,  80.6 ,  75.81,  54.77,  48.59,
   57.29,  65.83,  13.9 ,  43.12,  52.31,  33.31,  46.34,  54.82,  75.63,
   17.39, 101.66,  48.26,  73.62,  35.27,  71.93,  84.77,  22.85,  89.75,
   92.37],
 [ 43.17,  43.41,  39.74,  42.09,  34.89,  52.78,  61.37,  36.26,   0.  ,
   26.62,  49.3 ,  15.89,  30.14,  10.51,  55.84,  46.63,  48.69,  71.96,
   42.71,  38.93,  18.46,  46.98,  14.51,   0.88,  41.75,  71.09,  73.52,
   49.39,  39.32,  32.69,  26.71,  55.07,   2.94,  32.19,  51.61,  57.04,
   41.68,  45.15,  64.9 ,  41.25,  56.75,  46.2 ,  19.97,  44.01,  58.53,
   26.39,  45.8 ,  46.78,  23.91,  50.15,  29.48,   1.91,  66.32,  25.4 ,
   45.41,  36.38,  68.67,  47.81,  60.32,  58.85,  62.54,  41.49,  12.39,
   61.39,  29.76,  32.31,  26.27,  66.97,  27.89,  45.1 ,  71.26,  29.56,
   48.83,  30.61,  35.28,  66.8 ,  16.32,  73.77,  43.75,  21.41,  12.49,
   32.95,  37.71,  33.86,  27.16,  63.06,  36.35,  48.89,  41.06,  74.16,
   41.29,  71.36,  14.29,  51.39,  36.17,  42.81,  60.59,  17.9 ,  56.26,
   63.62],
 [ 66.2 ,  42.96,  30.73,  68.58,  44.99,  79.36,  40.82,  27.24,  26.62,
    0.  ,  23.54,  15.87,  49.45,  32.2 ,  29.27,  21.31,  75.31,  74.32,
   23.17,  29.3 ,  37.1 ,  73.49,  40.97,  25.85,  15.65,  72.33,  78.86,
   65.21,  35.64,  38.82,   4.76,  40.22,  29.33,  58.8 ,  78.21,  35.27,
   67.58,  51.69,  40.29,  19.01,  54.42,  24.91,  12.56,  45.67,  48.99,
   52.5 ,  42.55,  39.49,  16.38,  44.6 ,  52.87,  24.71,  47.75,  46.48,
   29.52,  19.27,  71.76,  61.42,  38.62,  52.32,  71.19,  21.4 ,  24.51,
   68.8 ,  47.83,   7.06,  31.55,  51.2 ,  42.08,  68.4 ,  53.2 ,   6.6 ,
   29.38,  27.62,  38.07,  47.91,  34.88,  55.59,  52.82,  47.82,  34.71,
   31.69,  64.25,  15.27,  49.28,  36.85,  10.3 ,  24.32,  27.6 ,  52.77,
   19.96,  76.57,  40.77,  46.7 ,  10.95,  69.43,  58.  ,  10.95,  67.34,
   66.78],
 [ 84.52,  47.46,  45.61,  91.36,  56.87, 101.94,  23.23,  43.23,  49.3 ,
   23.54,   0.  ,  39.2 ,  66.42,  55.71,   9.51,   3.13,  97.68,  75.67,
   31.01,  30.92,  60.53,  96.23,  63.1 ,  48.47,   7.94,  72.94,  82.33,
   78.25,  52.64,  59.63,  25.92,  30.7 ,  52.16,  81.3 , 100.34,  17.1 ,
   90.81,  59.71,  17.23,  25.45,  54.52,  29.1 ,  35.36,  51.18,  43.19,
   75.6 ,  44.73,  38.84,  30.15,  58.73,  76.41,  47.4 ,  31.54,  64.82,
   38.81,  32.28,  74.03,  73.23,  19.75,  48.85,  78.15,  29.53,  47.97,
   75.01,  70.97,  21.13,  53.04,  37.86,  57.12,  86.85,  36.81,  19.79,
   34.27,  36.32,  57.74,  31.28,  58.35,  38.76,  62.5 ,  69.76,  54.99,
   39.69,  86.96,  29.48,  72.79,  13.94,  13.24,   4.82,  25.96,  32.49,
   27.2 ,  80.14,  62.94,  46.37,  13.13,  91.83,  57.18,  34.41,  76.62,
   69.7 ],
 [ 59.01,  49.74,  25.06,  55.19,  46.07,  66.18,  56.18,  21.36,  15.89,
   15.87,  39.2 ,   0.  ,  44.98,  17.44,  43.88,  37.13,  62.52,  80.56,
   26.9 ,  39.9 ,  21.34,  60.1 ,  29.8 ,  15.49,  31.26,  79.12,  83.57,
   63.41,  26.55,  25.03,  13.54,  53.67,  17.67,  46.13,  65.76,  50.85,
   53.28,  55.09,  56.13,  25.91,  62.61,  30.53,   4.53,  51.47,  60.44,
   38.74,  50.76,  49.55,  23.86,  37.14,  37.54,  14.39,  62.65,  40.68,
   29.62,  20.52,  77.56,  60.96,  54.22,  62.48,  73.9 ,  25.76,   8.84,
   72.18,  31.97,  19.11,  17.47,  65.22,  40.58,  60.96,  68.  ,  21.53,
   32.96,  34.55,  25.62,  62.9 ,  19.19,  70.46,  54.83,  36.59,  27.65,
   38.11,  51.05,  18.21,  33.7 ,  52.05,  26.07,  40.19,  39.93,  68.4 ,
   25.76,  81.32,  29.56,  55.8 ,  26.82,  56.69,  66.42,   4.99,  68.55,
   72.45],
 [ 18.45,  33.31,  69.71,  40.61,  16.43,  47.3 ,  68.54,  66.13,  30.14,
   49.45,  66.42,  44.98,   0.  ,  37.3 ,  75.12,  63.3 ,  42.39,  51.01,
   70.4 ,  41.36,  44.24,  43.96,  23.23,  30.19,  60.71,  51.36,  49.57,
   19.7 ,  69.45,  61.66,  51.82,  56.78,  29.91,  31.56,  43.16,  66.63,
   45.16,  25.7 ,  77.79,  67.64,  43.8 ,  73.24,  48.23,  31.08,  53.28,
   34.41,  37.81,  42.9 ,  36.38,  80.26,  44.99,  31.08,  70.07,   5.45,
   74.38,  64.57,  47.42,  19.72,  69.22,  50.1 ,  36.85,  68.91,  42.46,
   36.97,  52.63,  56.44,  55.98,  67.11,  10.34,  20.82,  73.55,  48.6 ,
   76.76,  32.15,  64.83,  70.86,  42.93,  75.86,  21.73,  22.57,  17.65,
   30.61,  36.92,  61.38,  45.85,  79.99,  56.15,  63.94,  46.25,  80.65,
   68.15,  47.76,  23.44,  42.82,  54.83,  37.99,  46.97,  45.14,  29.22,
   43.1 ],
 [ 47.02,  53.9 ,  36.09,  37.94,  44.58,  48.96,  70.11,  33.13,  10.51,
   32.2 ,  55.71,  17.44,  37.3 ,   0.  ,  61.08,  53.34,  45.5 ,  82.05,
   42.96,  49.02,   7.99,  42.83,  15.96,  11.22,  47.85,  81.29,  83.2 ,
   56.99,  33.71,  24.4 ,  30.78,  64.85,   8.61,  29.39,  48.89,  65.38,
   35.84,  55.08,  72.14,  42.88,  67.23,  46.94,  21.94,  54.41,  68.88,
   21.45,  56.31,  57.17,  33.45,  44.21,  20.79,  11.48,  75.58,  32.04,
   43.82,  36.43,  78.7 ,  56.19,  68.72,  69.33,  71.78,  42.11,   9.16,
   70.88,  19.28,  36.43,  19.38,  76.74,  37.08,  48.6 ,  80.67,  36.62,
   48.49,  41.01,  27.83,  76.  ,   6.01,  83.18,  53.33,  21.73,  20.54,
   43.44,  33.92,  34.94,  17.64,  69.  ,  42.47,  56.03,  50.75,  82.77,
   42.5 ,  81.09,  15.7 ,  61.89,  42.79,  39.75,  71.08,  21.6 ,  65.08,
   73.7 ],
 [ 93.01,  56.96,  44.99,  97.85,  66.17, 108.62,  29.18,  43.28,  55.84,
   29.27,   9.51,  43.88,  75.12,  61.08,   0.  ,  12.5 , 104.52,  84.84,
   29.23,  40.43,  65.01, 102.76,  70.06,  55.06,  14.58,  82.05,  91.66,
   87.54,  52.56,  61.42,  30.35,  39.  ,  58.59,  88.03, 107.36,  23.56,
   96.74,  69.21,  18.1 ,  24.4 ,  63.72,  26.21,  39.61,  60.68,  51.79,
   81.74,  54.17,  48.17,  38.74,  57.03,  81.41,  53.93,  37.48,  73.21,
   36.49,  32.37,  83.3 ,  82.6 ,  25.35,  57.71,  87.64,  28.17,  52.7 ,
   84.5 ,  74.72,  24.8 ,  55.5 ,  44.66,  66.07,  95.32,  42.32,  27.16,
   30.77,  45.66,  58.87,  37.02,  62.97,  43.92,  71.96,  76.86,  62.74,
   49.1 ,  93.51,  30.56,  77.51,   9.02,  19.71,  13.84,  35.43,  35.62,
   26.01,  89.49,  69.88,  55.62,  20.52,  98.65,  66.26,  39.48,  86.11,
   79.04],
 [ 81.42,  44.59,  45.18,  88.65,  53.76,  99.17,  22.88,  42.59,  46.63,
   21.31,   3.13,  37.13,  63.3 ,  53.34,  12.5 ,   0.  ,  94.88,  73.15,
   31.16,  28.03,  58.41,  93.51,  60.31,  45.79,   6.25,  70.47,  79.67,
   75.14,  51.97,  58.32,  24.1 ,  28.91,  49.52,  78.53,  97.5 ,  16.71,
   88.23,  56.72,  19.  ,  25.5 ,  51.99,  29.66,  33.45,  48.27,  41.14,
   72.98,  41.97,  36.22,  27.06,  58.55,  74.09,  44.75,  31.02,  61.74,
   39.01,  31.79,  71.44,  70.14,  19.68,  46.61,  75.26,  29.58,  45.82,
   72.16,  69.03,  19.7 ,  51.55,  36.85,  53.98,  83.76,  36.41,  17.08,
   34.93,  33.22,  56.65,  30.85,  56.19,  38.48,  59.46,  66.92,  52.03,
   36.62,  84.23,  28.72,  70.56,  16.91,  11.07,   3.78,  23.17,  33.08,
   27.25,  77.47,  60.15,  43.81,  10.56,  89.04,  54.75,  32.25,  73.62,
   67.04],
 [ 30.95,  75.33,  79.81,   8.3 ,  58.77,   4.92, 106.37,  77.43,  48.69,
   75.31,  97.68,  62.52,  42.39,  45.5 , 104.52,  94.88,   0.  ,  91.15,
   88.43,  80.14,  45.73,   5.01,  34.57,  49.47,  90.32,  92.11,  87.61,
   53.35,  75.33,  62.39,  75.09,  96.64,  46.  ,  16.51,   3.92, 103.1 ,
   14.61,  67.84, 112.43,  88.32,  86.19,  92.44,  67.04,  73.39,  95.03,
   24.19,  79.64,  83.99,  69.37,  84.19,  31.43,  50.6 , 109.51,  39.58,
   88.71,  81.91,  87.6 ,  57.36, 106.15,  92.33,  74.43,  87.61,  54.66,
   75.81,  44.2 ,  80.77,  61.37, 107.8 ,  51.61,  29.95, 113.63,  77.89,
   93.81,  70.4 ,  67.04, 110.19,  46.63, 116.07,  63.53,  28.01,  43.8 ,
   70.27,  11.64,  80.41,  35.88, 111.55,  84.95,  96.77,  84.13, 119.09,
   87.98,  86.26,  34.74,  84.9 ,  84.6 ,   5.88,  89.31,  65.93,  66.29,
   83.92],
 [ 60.8 ,  31.4 , 103.98,  90.94,  37.81,  95.87,  61.08, 100.25,  71.96,
   74.32,  75.67,  80.56,  51.01,  82.05,  84.84,  73.15,  91.15,   0.  ,
   97.06,  46.35,  89.99,  93.67,  72.17,  71.47,  75.12,   3.35,   9.03,
   38.48, 106.98, 103.95,  78.82,  47.19,  73.44,  82.47,  90.88,  63.96,
   96.01,  27.07,  75.96,  92.1 ,  21.16,  97.86,  81.37,  29.14,  34.52,
   85.14,  32.1 ,  37.  ,  58.41, 117.25,  94.99,  71.7 ,  56.21,  55.78,
  103.82,  93.58,   3.59,  33.82,  64.26,  27.88,  18.09,  95.24,  83.04,
   15.66, 100.38,  80.27,  96.8 ,  48.57,  45.91,  62.38,  55.66,  69.06,
  102.89,  46.93, 105.66,  57.17,  88.05,  56.67,  29.72,  73.24,  62.32,
   42.97,  87.58,  89.59,  95.01,  84.26,  73.78,  71.04,  50.32,  67.15,
   93.43,   8.02,  72.31,  29.35,  71.49,  87.7 ,  18.7 ,  77.68,  25.56,
    8.36],
 [ 85.59,  65.85,  15.96,  80.71,  67.86,  91.73,  54.01,  14.98,  42.71,
   23.17,  31.01,  26.9 ,  70.4 ,  42.96,  29.23,  31.16,  88.43,  97.06,
    0.  ,  51.13,  43.74,  85.54,  56.67,  42.25,  25.73,  94.93, 101.91,
   87.48,  23.74,  34.51,  19.3 ,  58.47,  44.57,  72.33,  91.85,  47.84,
   77.76,  74.86,  46.73,   5.68,  76.69,   4.31,  22.76,  68.71,  69.26,
   64.28,  65.04,  61.19,  39.55,  27.94,  60.4 ,  41.1 ,  62.17,  66.63,
    7.86,   6.53,  94.63,  84.07,  50.69,  73.54,  94.36,   1.82,  33.82,
   91.97,  50.91,  16.8 ,  30.28,  67.7 ,  64.21,  87.61,  67.56,  28.  ,
    6.39,  50.7 ,  31.12,  62.01,  42.31,  69.62,  75.89,  63.41,  53.84,
   54.78,  76.81,   9.03,  55.94,  38.17,  24.42,  34.91,  48.25,  63.34,
    3.97,  99.62,  56.42,  68.71,  26.73,  82.7 ,  80.1 ,  25.39,  90.37,
   89.7 ],
 [ 59.71,  16.55,  59.98,  75.73,  28.05,  84.92,  27.18,  56.42,  38.93,
   29.3 ,  30.92,  39.9 ,  41.36,  49.02,  40.43,  28.03,  80.14,  46.35,
   51.13,   0.  ,  56.49,  80.15,  48.01,  38.1 ,  29.  ,  44.  ,  52.14,
   48.94,  64.38,  64.92,  34.04,  16.68,  41.61,  65.29,  81.89,  25.7 ,
   77.56,  28.97,  37.63,  45.97,  25.6 ,  51.64,  39.06,  20.26,  20.55,
   62.72,  14.33,  10.2 ,  16.2 ,  73.79,  68.17,  37.62,  29.38,  41.77,
   58.25,  48.31,  44.23,  43.43,  28.03,  23.07,  47.23,  49.3 ,  45.65,
   44.13,  68.1 ,  34.46,  57.36,  28.39,  31.06,  62.08,  33.6 ,  23.32,
   56.76,   9.74,  65.3 ,  30.07,  54.16,  36.07,  32.17,  53.14,  37.02,
   10.82,  71.34,  44.32,  66.09,  42.36,  27.44,  26.86,   5.38,  39.41,
   47.38,  49.9 ,  47.96,  17.58,  25.14,  74.72,  28.98,  35.7 ,  45.89,
   39.57],
 [ 52.08,  61.87,  34.09,  37.65,  52.43,  48.55,  76.46,  31.75,  18.46,
   37.1 ,  60.53,  21.34,  44.24,   7.99,  65.01,  58.41,  45.73,  89.99,
   43.74,  56.49,   0.  ,  42.33,  21.61,  19.13,  52.6 ,  89.26,  90.99,
   63.92,  30.11,  18.64,  34.81,  72.01,  16.58,  30.76,  49.4 ,  71.46,
   34.08,  62.98,  77.39,  44.7 ,  75.21,  47.95,  25.42,  62.4 ,  76.55,
   21.81,  64.22,  64.89,  40.64,  39.92,  16.78,  19.28,  82.31,  38.85,
   43.16,  37.37,  86.62,  63.49,  74.82,  77.18,  79.4 ,  43.21,  12.59,
   78.61,  11.61,  40.23,  15.76,  83.87,  44.79,  53.43,  87.49,  42.25,
   48.63,  48.76,  22.77,  82.67,   2.36,  89.99,  61.12,  26.01,  28.14,
   51.31,  34.16,  36.71,  12.56,  73.33,  47.36,  61.37,  57.91,  88.97,
   44.01,  88.9 ,  21.36,  69.78,  47.99,  40.31,  79.05,  26.15,  72.54,
   81.63],
 [ 34.27,  76.37,  76.31,   4.92,  60.14,   6.21, 105.96,  74.07,  46.98,
   73.49,  96.23,  60.1 ,  43.96,  42.83, 102.76,  93.51,   5.01,  93.67,
   85.54,  80.15,  42.33,   0.  ,  33.36,  47.79,  88.73,  94.48,  90.52,
   56.37,  71.54,  58.41,  72.97,  96.76,  44.18,  15.11,   8.73, 102.44,
    9.82,  69.62, 111.39,  85.71,  87.67,  89.62,  64.63,  74.64,  95.83,
   21.38,  80.55,  84.57,  68.6 ,  80.15,  27.29,  48.89, 109.46,  40.62,
   85.47,  79.05,  90.1 ,  60.02, 105.55,  93.45,  77.32,  84.81,  51.96,
   78.51,  39.95,  78.67,  57.81, 108.12,  52.65,  33.51, 113.74,  76.45,
   90.77,  70.44,  63.09, 110.1 ,  43.42, 116.2 ,  65.46,  27.22,  43.35,
   70.6 ,   9.28,  77.75,  31.85, 110.03,  83.33,  95.56,  83.91, 118.74,
   85.29,  89.09,  33.49,  85.92,  83.11,   5.99,  90.9 ,  63.76,  69.17,
   86.25],
 [ 31.06,  47.75,  51.68,  28.59,  34.54,  38.89,  72.92,  48.53,  14.51,
   40.97,  63.1 ,  29.8 ,  23.23,  15.96,  70.06,  60.31,  34.57,  72.17,
   56.67,  48.01,  21.61,  33.36,   0.  ,  15.2 ,  55.77,  71.97,  71.93,
   42.69,  49.66,  39.91,  41.22,  64.68,  12.19,  18.28,  37.3 ,  69.19,
   29.59,  45.3 ,  78.04,  55.57,  60.56,  60.33,  34.14,  47.15,  65.66,
   14.81,  51.21,  53.93,  35.34,  60.17,  22.88,  16.37,  76.92,  17.79,
   58.63,  50.23,  68.65,  42.9 ,  72.35,  64.56,  59.63,  55.56,  23.74,
   59.33,  29.4 ,  46.81,  35.34,  76.37,  26.31,  32.66,  81.48,  43.32,
   62.62,  38.55,  43.63,  77.51,  20.72,  83.97,  42.51,   6.9 ,  11.31,
   39.56,  24.13,  48.  ,  22.95,  76.98,  50.43,  62.26,  51.27,  85.75,
   55.52,  69.97,   0.27,  56.87,  50.03,  28.73,  64.23,  32.34,  52.28,
   63.92],
 [ 43.52,  42.76,  39.6 ,  42.91,  34.51,  53.58,  60.49,  36.08,   0.88,
   25.85,  48.47,  15.49,  30.19,  11.22,  55.06,  45.79,  49.47,  71.47,
   42.25,  38.1 ,  19.13,  47.79,  15.2 ,   0.  ,  40.94,  70.56,  73.11,
   49.33,  39.35,  33.01,  26.04,  54.22,   3.82,  32.98,  52.36,  56.16,
   42.55,  44.7 ,  64.04,  40.69,  56.1 ,  45.69,  19.49,  43.41,  57.75,
   27.24,  45.1 ,  46.  ,  23.04,  50.18,  30.35,   1.18,  65.45,  25.53,
   45.08,  35.95,  68.18,  47.64,  59.43,  58.12,  62.22,  41.01,  12.51,
   61.02,  30.49,  31.62,  26.48,  66.12,  27.63,  45.47,  70.39,  28.72,
   48.39,  29.84,  35.5 ,  65.92,  16.96,  72.9 ,  43.39,  22.09,  12.55,
   32.22,  38.52,  33.37,  28.  ,  62.24,  35.54,  48.03,  40.2 ,  73.28,
   40.77,  70.95,  14.99,  50.67,  35.34,  43.59,  59.95,  17.3 ,  56.01,
   63.13],
 [ 78.5 ,  45.34,  39.18,  83.84,  52.6 ,  94.51,  28.71,  36.49,  41.75,
   15.65,   7.94,  31.26,  60.71,  47.85,  14.58,   6.25,  90.32,  75.12,
   25.73,  29.  ,  52.6 ,  88.73,  55.77,  40.94,   0.  ,  72.61,  81.14,
   73.88,  45.84,  52.08,  18.02,  33.03,  44.57,  73.88,  93.07,  22.6 ,
   83.1 ,  56.72,  25.04,  20.05,  54.07,  24.76,  27.43,  48.83,  44.56,
   67.94,  43.3 ,  38.18,  24.39,  52.69,  68.51,  39.85,  36.66,  58.68,
   33.57,  25.8 ,  73.15,  69.21,  25.7 ,  49.53,  75.75,  24.06,  40.04,
   72.83,  63.05,  13.46,  45.34,  41.97,  51.89,  80.79,  42.11,  12.61,
   30.08,  32.4 ,  50.4 ,  36.57,  50.42,  44.27,  59.02,  62.51,  48.19,
   36.15,  79.46,  22.59,  64.87,  21.32,   5.42,   9.9 ,  24.81,  39.29,
   21.77,  78.89,  55.6 ,  45.86,   5.95,  84.45,  57.1 ,  26.48,  73.45,
   68.55],
 [ 62.04,  29.6 , 102.24,  91.6 ,  37.45,  96.88,  57.93,  98.52,  71.09,
   72.33,  72.94,  79.12,  51.36,  81.29,  82.05,  70.47,  92.11,   3.35,
   94.93,  44.  ,  89.26,  94.48,  71.97,  70.56,  72.61,   0.  ,  12.34,
   39.96, 105.44, 102.8 ,  76.89,  44.15,  72.68,  82.91,  91.97,  60.93,
   96.49,  26.67,  72.86,  89.89,  18.55,  95.62,  79.76,  27.66,  31.39,
   85.22,  29.89,  34.44,  56.61, 115.61,  94.84,  70.74,  52.95,  55.95,
  101.79,  91.6 ,   5.18,  34.97,  61.15,  24.81,  20.23,  93.11,  81.92,
   17.41,  99.83,  78.15,  95.57,  45.27,  45.65,  63.71,  52.34,  66.93,
  100.69,  45.15, 104.38,  53.91,  87.28,  53.33,  29.78,  73.34,  61.85,
   41.26,  88.14,  87.6 ,  94.69,  81.28,  71.44,  68.28,  47.8 ,  63.85,
   91.26,  11.16,  72.09,  26.76,  69.13,  88.49,  15.8 ,  76.09,  27.25,
    8.26],
 [ 56.77,  36.16, 107.69,  88.19,  38.65,  92.2 ,  69.08, 103.93,  73.52,
   78.86,  82.33,  83.57,  49.57,  83.2 ,  91.66,  79.67,  87.61,   9.03,
  101.91,  52.14,  90.99,  90.52,  71.93,  73.11,  81.14,  12.34,   0.  ,
   34.27, 110.12, 106.02,  83.19,  54.94,  74.68,  80.39,  86.98,  71.59,
   93.73,  28.57,  83.78,  97.18,  28.21, 103.02,  84.82,  33.2 ,  42.58,
   83.98,  37.84,  43.5 ,  62.61, 120.62,  94.41,  73.48,  64.63,  54.71,
  108.35,  98.  ,   8.73,  30.7 ,  72.12,  35.86,  13.21, 100.11,  85.15,
   12.62, 100.85,  85.15,  99.11,  57.16,  46.24,  58.1 ,  64.35,  74.05,
  107.92,  51.25, 108.09,  65.6 ,  89.2 ,  65.44,  29.87,  72.14,  62.91,
   47.17,  85.13,  94.05,  94.87,  91.65,  79.33,  77.83,  56.56,  75.73,
   98.42,   2.29,  72.09,  36.1 ,  77.09,  84.64,  26.46,  81.13,  21.36,
   12.63],
 [ 22.52,  34.99,  88.42,  54.27,  21.38,  57.93,  74.73,  84.76,  49.39,
   65.21,  78.25,  63.41,  19.7 ,  56.99,  87.54,  75.14,  53.35,  38.48,
   87.48,  48.94,  63.92,  56.37,  42.69,  49.33,  73.88,  39.96,  34.27,
    0.  ,  88.68,  81.32,  68.33,  61.04,  49.42,  47.24,  52.74,  74.39,
   60.19,  22.15,  86.54,  84.08,  39.94,  89.89,  66.21,  31.33,  53.47,
   52.18,  39.57,  46.17,  50.  ,  99.51,  63.43,  50.12,  74.04,  25.07,
   92.2 ,  82.07,  35.08,   6.17,  76.36,  48.29,  21.11,  85.87,  61.78,
   22.84,  71.99,  72.27,  75.49,  69.1 ,  23.27,  23.95,  76.28,  62.91,
   93.87,  41.94,  84.4 ,  74.96,  62.63,  78.26,  17.66,  40.9 ,  36.99,
   38.77,  51.49,  78.58,  64.8 ,  90.88,  70.07,  74.9 ,  54.32,  85.44,
   84.82,  32.98,  42.91,  42.73,  68.34,  50.54,  41.82,  62.85,  13.04,
   32.22],
 [ 80.71,  75.91,   7.85,  67.09,  72.46,  77.69,  74.41,   9.42,  39.32,
   35.64,  52.64,  26.55,  69.45,  33.71,  52.56,  51.97,  75.33, 106.98,
   23.74,  64.38,  30.11,  71.54,  49.66,  39.35,  45.84, 105.44, 110.12,
   88.68,   0.  ,  13.64,  30.95,  75.75,  39.65,  60.85,  79.1 ,  68.38,
   62.5 ,  81.64,  69.36,  28.16,  88.47,  27.62,  25.73,  77.85,  84.51,
   51.82,  76.51,  74.46,  49.21,  10.83,  44.41,  38.56,  82.08,  64.55,
   18.4 ,  20.42, 104.04,  86.79,  71.52,  87.43, 100.35,  24.51,  26.99,
   98.7 ,  32.52,  33.  ,  14.51,  86.38,  66.5 ,  82.31,  87.57,  42.2 ,
   25.27,  60.46,   9.06,  82.09,  29.88,  89.83,  81.28,  55.27,  51.81,
   64.23,  63.93,  23.25,  39.78,  61.58,  42.47,  55.71,  63.19,  85.02,
   26.57, 107.86,  49.4 ,  81.25,  44.35,  70.12,  92.21,  29.37,  94.76,
   98.93],
 [ 70.68,  73.92,  20.24,  54.1 ,  67.49,  64.51,  79.53,  19.7 ,  32.69,
   38.82,  59.63,  25.03,  61.66,  24.4 ,  61.42,  58.32,  62.39, 103.95,
   34.51,  64.92,  18.64,  58.41,  39.91,  33.01,  52.08, 102.8 , 106.02,
   81.32,  13.64,   0.  ,  34.77,  78.41,  32.06,  48.64,  66.22,  73.8 ,
   49.17,  77.51,  76.83,  37.68,  87.05,  38.75,  26.58,  75.22,  85.47,
   39.5 ,  75.35,  74.5 ,  48.83,  21.83,  31.14,  32.56,  86.57,  56.43,
   30.88,  29.45, 100.77,  80.26,  77.1 ,  87.39,  95.22,  34.75,  20.91,
   94.01,  18.93,  38.62,   7.56,  89.77,  60.57,  72.06,  92.02,  45.27,
   37.5 ,  59.15,   4.71,  86.73,  19.2 ,  94.41,  76.38,  44.65,  44.53,
   62.48,  51.2 ,  30.85,  26.56,  70.37,  47.72,  61.86,  64.86,  91.11,
   36.39, 103.84,  39.65,  80.55,  49.16,  57.39,  90.89,  29.48,  88.9 ,
   95.67],
 [ 67.95,  47.43,  25.97,  68.05,  48.57,  78.96,  44.77,  22.48,  26.71,
    4.76,  25.92,  13.54,  51.82,  30.78,  30.35,  24.1 ,  75.09,  78.82,
   19.3 ,  34.04,  34.81,  72.97,  41.22,  26.04,  18.02,  76.89,  83.19,
   68.33,  30.95,  34.77,   0.  ,  44.83,  29.2 ,  58.58,  78.15,  39.04,
   66.55,  55.74,  43.05,  15.84,  59.07,  21.57,   9.45,  50.03,  53.75,
   51.74,  47.17,  44.23,  20.58,  39.83,  51.08,  24.86,  51.94,  48.47,
   25.17,  14.8 ,  76.21,  64.81,  42.36,  57.07,  75.21,  17.61,  22.38,
   72.92,  45.06,   5.7 ,  27.69,  55.67,  45.09,  70.09,  57.41,  11.25,
   25.64,  31.99,  33.73,  52.06,  32.71,  59.77,  56.63,  48.12,  36.16,
   36.04,  63.8 ,  10.87,  47.24,  38.52,  13.13,  27.42,  32.35,  56.42,
   16.49,  80.9 ,  41.  ,  51.4 ,  14.4 ,  69.22,  62.67,   9.23,  71.09,
   71.2 ],
 [ 74.77,  26.05,  70.2 ,  92.38,  41.86, 101.44,  14.45,  66.97,  55.07,
   40.22,  30.7 ,  53.67,  56.78,  64.85,  39.  ,  28.91,  96.64,  47.19,
   58.47,  16.68,  72.01,  96.76,  64.68,  54.22,  33.03,  44.15,  54.94,
   61.04,  75.75,  78.41,  44.83,   0.  ,  57.85,  81.95,  98.28,  16.78,
   94.24,  39.17,  28.85,  52.84,  26.88,  57.78,  51.87,  29.78,  12.94,
   79.37,  21.55,  14.87,  31.41,  84.1 ,  84.49,  53.63,  13.33,  57.8 ,
   66.2 ,  57.34,  46.25,  55.05,  17.2 ,  19.34,  53.98,  56.72,  60.49,
   50.41,  83.61,  43.28,  70.91,  11.9 ,  46.47,  77.11,  17.  ,  33.62,
   63.1 ,  26.33,  78.12,  14.16,  69.66,  19.44,  43.41,  69.81,  53.7 ,
   26.49,  88.  ,  53.57,  82.2 ,  37.22,  34.24,  25.88,  14.1 ,  24.44,
   54.5 ,  52.94,  64.63,  19.88,  32.04,  91.28,  28.55,  48.98,  55.  ,
   42.71],
 [ 41.86,  45.45,  40.64,  39.28,  36.04,  50.03,  64.29,  37.27,   2.94,
   29.33,  52.16,  17.67,  29.91,   8.61,  58.59,  49.52,  46.  ,  73.44,
   44.57,  41.61,  16.58,  44.18,  12.19,   3.82,  44.57,  72.68,  74.68,
   49.42,  39.65,  32.06,  29.2 ,  57.85,   0.  ,  29.49,  48.98,  59.98,
   38.76,  46.49,  67.83,  43.38,  58.77,  48.17,  21.96,  45.86,  61.04,
   23.48,  48.02,  49.25,  26.78,  50.43,  26.65,   4.78,  69.19,  24.91,
   46.86,  38.16,  70.1 ,  48.2 ,  63.25,  61.16,  63.41,  43.42,  12.72,
   62.42,  27.58,  34.84,  26.08,  69.74,  28.68,  43.7 ,  74.1 ,  32.44,
   50.58,  33.11,  34.98,  69.67,  14.61,  76.62,  44.83,  19.05,  12.48,
   35.27,  34.92,  35.84,  24.49,  65.89,  39.17,  51.8 ,  43.87,  77.09,
   43.34,  72.55,  11.95,  53.64,  39.03,  40.12,  62.6 ,  20.2 ,  56.89,
   65.09],
 [ 27.68,  62.51,  64.64,  10.47,  46.97,  20.64,  90.89,  62.01,  32.19,
   58.8 ,  81.3 ,  46.13,  31.56,  29.39,  88.03,  78.53,  16.51,  82.47,
   72.33,  65.29,  30.76,  15.11,  18.28,  32.98,  73.88,  82.91,  80.39,
   47.24,  60.85,  48.64,  58.58,  81.95,  29.49,   0.  ,  19.63,  87.34,
   13.61,  57.06,  96.31,  72.  ,  74.4 ,  76.27,  50.64,  61.13,  81.6 ,
    9.15,  66.5 ,  70.15,  53.49,  70.38,  19.87,  34.1 ,  94.52,  27.35,
   73.05,  65.8 ,  78.88,  49.73,  90.46,  79.63,  67.31,  71.44,  38.5 ,
   67.96,  32.08,  64.26,  46.51,  93.41,  39.07,  27.99,  98.89,  61.51,
   77.87,  55.62,  53.11,  95.15,  31.28, 101.36,  53.28,  12.18,  28.34,
   56.  ,   6.05,  64.14,  23.38,  95.14,  68.5 ,  80.53,  68.93, 103.69,
   71.72,  78.74,  18.42,  72.  ,  68.2 ,  10.64,  77.81,  49.44,  59.27,
   74.65],
 [ 30.22,  76.35,  83.49,  12.18,  59.58,   5.66, 108.37,  81.06,  51.61,
   78.21, 100.34,  65.76,  43.16,  48.89, 107.36,  97.5 ,   3.92,  90.88,
   91.85,  81.89,  49.4 ,   8.73,  37.3 ,  52.36,  93.07,  91.97,  86.98,
   52.74,  79.1 ,  66.22,  78.15,  98.28,  48.98,  19.63,   0.  , 105.26,
   18.48,  68.29, 114.83,  91.61,  86.83,  95.83,  70.27,  74.24,  96.19,
   27.73,  80.75,  85.33,  71.68,  88.04,  35.31,  53.51, 111.26,  40.78,
   92.29,  85.32,  87.36,  57.06, 108.26,  93.24,  73.85,  91.  ,  58.04,
   75.41,  48.09,  83.81,  65.09, 109.29,  52.72,  28.95, 115.27,  80.58,
   97.3 ,  72.16,  70.86, 111.96,  50.24, 117.68,  63.86,  30.58,  46.01,
   71.83,  15.24,  83.74,  39.74, 114.24,  87.73,  99.29,  86.03, 121.03,
   91.32,  85.72,  37.48,  85.9 ,  87.3 ,   9.16,  89.85,  69.03,  65.76,
   83.85],
 [ 85.07,  40.2 ,  61.77,  97.75,  53.73, 107.69,   6.17,  59.06,  57.04,
   35.27,  17.1 ,  50.85,  66.63,  65.38,  23.56,  16.71, 103.1 ,  63.96,
   47.84,  25.7 ,  71.46, 102.44,  69.19,  56.16,  22.6 ,  60.93,  71.59,
   74.39,  68.38,  73.8 ,  39.04,  16.78,  59.98,  87.34, 105.26,   0.  ,
   98.4 ,  53.43,  12.47,  42.2 ,  43.42,  46.16,  47.83,  44.09,  29.67,
   83.11,  36.27,  29.51,  33.86,  75.23,  86.05,  55.29,  14.45,  66.41,
   55.69,  48.39,  62.94,  68.69,   3.37,  36.13,  69.83,  46.28,  59.03,
   66.36,  82.65,  35.56,  66.7 ,  21.12,  56.44,  87.44,  19.75,  29.34,
   51.36,  34.48,  72.52,  14.2 ,  69.14,  21.78,  57.17,  75.24,  59.29,
   36.45,  93.29,  45.16,  83.  ,  20.53,  26.16,  12.94,  20.48,  17.55,
   43.95,  69.55,  69.09,  35.93,  24.64,  97.42,  45.29,  45.86,  69.99,
   59.24],
 [ 39.3 ,  75.81,  67.64,   7.3 ,  60.52,  15.52, 102.35,  65.62,  41.68,
   67.58,  90.81,  53.28,  45.16,  35.84,  96.74,  88.23,  14.61,  96.01,
   77.76,  77.56,  34.08,   9.82,  29.59,  42.55,  83.1 ,  96.49,  93.73,
   60.19,  62.5 ,  49.17,  66.55,  94.24,  38.76,  13.61,  18.48,  98.4 ,
    0.  ,  70.66, 106.59,  78.36,  87.88,  81.93,  57.76,  74.56,  94.61,
   15.32,  79.69,  83.03,  64.65,  70.78,  18.09,  43.54, 106.5 ,  40.93,
   77.15,  71.33,  92.42,  63.04, 101.61,  92.9 ,  80.6 ,  77.15,  44.75,
   81.38,  30.47,  72.23,  49.13, 105.88,  52.54,  39.07, 111.06,  71.18,
   82.72,  68.02,  53.88, 107.08,  35.46, 113.55,  66.88,  24.8 ,  40.59,
   68.75,   8.71,  70.35,  22.73, 104.4 ,  77.68,  90.56,  80.85, 115.18,
   77.81,  92.13,  29.65,  85.24,  77.7 ,  11.98,  91.33,  57.33,  72.5 ,
   88.23],
 [ 39.95,  13.28,  79.48,  66.31,  10.78,  72.73,  53.17,  75.72,  45.15,
   51.69,  59.71,  55.09,  25.7 ,  55.08,  69.21,  56.72,  67.84,  27.07,
   74.86,  28.97,  62.98,  69.62,  45.3 ,  44.7 ,  56.72,  26.67,  28.57,
   22.15,  81.64,  77.51,  55.74,  39.17,  46.49,  57.06,  68.29,  53.43,
   70.66,   0.  ,  65.81,  70.52,  18.86,  76.43,  56.55,   9.42,  31.38,
   58.75,  17.62,  24.38,  35.32,  92.2 ,  68.17,  45.02,  52.  ,  29.77,
   80.85,  70.45,  23.65,  16.03,  55.1 ,  26.54,  19.5 ,  73.1 ,  56.61,
   17.24,  73.31,  58.37,  70.55,  46.95,  18.99,  42.04,  54.14,  47.67,
   81.06,  24.64,  79.52,  52.93,  61.09,  56.11,   4.76,  46.92,  35.26,
   20.67,  62.57,  66.58,  68.03,  71.3 ,  53.89,  55.81,  34.26,  63.46,
   71.6 ,  26.35,  45.42,  20.59,  51.84,  63.64,  21.6 ,  52.87,  16.92,
   18.73],
 [ 96.23,  52.61,  62.07, 106.59,  65.65, 116.88,  15.12,  59.95,  64.9 ,
   40.29,  17.23,  56.13,  77.79,  72.14,  18.1 ,  19.  , 112.43,  75.96,
   46.73,  37.63,  77.39, 111.39,  78.04,  64.04,  25.04,  72.86,  83.78,
   86.54,  69.36,  76.83,  43.05,  28.85,  67.83,  96.31, 114.83,  12.47,
  106.59,  65.81,   0.  ,  41.49,  55.69,  44.05,  52.43,  56.51,  41.47,
   91.28,  48.73,  41.98,  43.21,  74.66,  92.93,  63.05,  22.2 ,  77.12,
   54.25,  48.93,  75.1 ,  80.92,  11.71,  48.08,  82.28,  45.47,  64.8 ,
   78.81,  88.03,  38.36,  70.27,  30.26,  67.78,  98.6 ,  26.1 ,  35.57,
   48.78,  45.81,  74.83,  21.49,  75.16,  27.24,  69.47,  84.42,  68.88,
   48.18, 102.14,  46.43,  89.48,  10.99,  30.07,  16.11,  32.28,  17.72,
   43.2 ,  81.78,  77.9 ,  48.33,  29.42, 106.65,  57.38,  51.24,  82.43,
   71.53],
 [ 83.5 ,  61.04,  20.64,  80.82,  64.  ,  91.84,  48.37,  18.91,  41.25,
   19.01,  25.45,  25.91,  67.64,  42.88,  24.4 ,  25.5 ,  88.32,  92.1 ,
    5.68,  45.97,  44.7 ,  85.71,  55.57,  40.69,  20.05,  89.89,  97.18,
   84.08,  28.16,  37.68,  15.84,  52.84,  43.38,  72.  ,  91.61,  42.2 ,
   78.36,  70.52,  41.49,   0.  ,  71.56,   5.91,  21.46,  64.02,  63.76,
   64.34,  60.02,  55.95,  35.23,  33.31,  61.47,  39.52,  56.51,  64.18,
   13.54,   8.23,  89.75,  80.41,  45.08,  68.16,  90.02,   4.09,  33.75,
   87.52,  52.87,  12.15,  32.57,  62.01,  60.86,  85.59,  61.91,  23.13,
   10.8 ,  46.12,  34.75,  56.35,  43.03,  63.98,  71.79,  62.42,  51.65,
   50.2 ,  76.78,   8.01,  57.15,  33.42,  18.93,  29.26,  42.88,  57.87,
    1.76,  94.89,  55.33,  63.52,  21.25,  82.52,  74.92,  23.41,  86.34,
   84.87],
 [ 58.81,  13.34,  84.76,  84.09,  27.54,  91.1 ,  41.21,  81.1 ,  56.75,
   54.42,  54.52,  62.61,  43.8 ,  67.23,  63.72,  51.99,  86.19,  21.16,
   76.69,  25.6 ,  75.21,  87.67,  60.56,  56.1 ,  54.07,  18.55,  28.21,
   39.94,  88.47,  87.05,  59.07,  26.88,  58.77,  74.4 ,  86.83,  43.42,
   87.88,  18.86,  55.69,  71.56,   0.  ,  77.24,  62.75,  13.43,  15.3 ,
   74.89,  11.96,  15.89,  39.26,  98.35,  83.18,  56.06,  37.66,  47.16,
   83.71,  73.64,  19.65,  33.82,  44.08,   8.9 ,  27.84,  74.87,  66.48,
   24.17,  86.35,  59.97,  79.63,  31.05,  35.34,  60.9 ,  38.46,  48.77,
   82.36,  28.08,  88.18,  38.64,  73.06,  40.05,  23.58,  63.42,  49.54,
   24.57,  80.14,  69.63,  82.3 ,  63.44,  52.98,  49.9 ,  29.26,  49.13,
   72.97,  26.14,  60.63,   8.21,  50.66,  81.73,   3.86,  59.14,  30.62,
   15.84],
 [ 88.82,  66.87,  19.78,  84.77,  69.89,  95.8 ,  52.31,  19.13,  46.2 ,
   24.91,  29.1 ,  30.53,  73.24,  46.94,  26.21,  29.66,  92.44,  97.86,
    4.31,  51.64,  47.95,  89.62,  60.33,  45.69,  24.76,  95.62, 103.02,
   89.89,  27.62,  38.75,  21.57,  57.78,  48.17,  76.27,  95.83,  46.16,
   81.93,  76.43,  44.05,   5.91,  77.24,   0.  ,  26.24,  69.89,  69.03,
   68.32,  65.77,  61.54,  41.14,  30.87,  64.64,  44.53,  60.58,  69.65,
   10.3 ,  10.6 ,  95.55,  86.27,  48.85,  73.61,  95.93,   4.82,  37.78,
   93.42,  55.22,  18.06,  34.59,  66.48,  66.65,  90.88,  65.9 ,  28.98,
    5.32,  52.01,  35.26,  60.36,  46.47,  67.86,  77.7 ,  67.12,  56.99,
   56.09,  80.84,  12.34,  60.19,  34.98,  24.37,  33.32,  48.38,  61.03,
    5.09, 100.74,  60.09,  69.15,  26.7 ,  86.69,  80.54,  28.58,  92.24,
   90.69],
 [ 62.88,  50.2 ,  22.94,  59.72,  48.04,  70.71,  53.35,  19.18,  19.97,
   12.56,  35.36,   4.53,  48.23,  21.94,  39.61,  33.45,  67.04,  81.37,
   22.76,  39.06,  25.42,  64.63,  34.14,  19.49,  27.43,  79.76,  84.82,
   66.21,  25.73,  26.58,   9.45,  51.87,  21.96,  50.64,  70.27,  47.83,
   57.76,  56.55,  52.43,  21.46,  62.75,  26.24,   0.  ,  52.23,  59.47,
   43.27,  50.8 ,  48.99,  23.52,  35.88,  41.83,  18.34,  60.14,  44.17,
   26.15,  16.53,  78.49,  63.43,  51.18,  61.98,  75.66,  21.52,  13.15,
   73.75,  35.62,  14.82,  19.15,  63.19,  43.12,  64.87,  65.56,  18.78,
   28.95,  34.74,  26.36,  60.34,  23.36,  67.98,  56.65,  40.97,  31.23,
   38.52,  55.58,  13.9 ,  37.9 ,  47.92,  22.4 ,  36.66,  38.49,  65.33,
   21.38,  82.55,  33.9 ,  55.6 ,  23.4 ,  61.21,  66.5 ,   3.69,  70.66,
   73.39],
 [ 47.34,   3.9 ,  74.89,  70.94,  14.66,  78.31,  43.75,  71.16,  44.01,
   45.67,  51.18,  51.47,  31.08,  54.41,  60.68,  48.27,  73.39,  29.14,
   68.71,  20.26,  62.4 ,  74.64,  47.15,  43.41,  48.83,  27.66,  33.2 ,
   31.33,  77.85,  75.22,  50.03,  29.78,  45.86,  61.13,  74.24,  44.09,
   74.56,   9.42,  56.51,  64.02,  13.43,  69.89,  52.23,   0.  ,  22.84,
   61.47,   8.24,  14.96,  29.48,  88.12,  69.82,  43.48,  42.71,  34.03,
   75.17,  64.84,  26.29,  25.29,  45.7 ,  19.03,  27.  ,  66.91,  54.4 ,
   24.  ,  73.37,  51.97,  67.95,  37.99,  22.07,  49.56,  45.06,  40.91,
   74.74,  18.06,  76.73,  43.63,  60.32,  47.11,  13.67,  50.03,  36.19,
   14.  ,  66.92,  60.87,  69.04,  62.31,  46.51,  47.08,  25.38,  54.12,
   65.24,  30.91,  47.22,  12.02,  44.34,  68.74,  17.09,  48.55,  25.96,
   21.23],
 [ 70.13,  20.02,  79.66,  91.8 ,  37.08,  99.94,  26.56,  76.22,  58.53,
   48.99,  43.19,  60.44,  53.28,  68.88,  51.79,  41.14,  95.03,  34.52,
   69.26,  20.55,  76.55,  95.83,  65.66,  57.75,  44.56,  31.39,  42.58,
   53.47,  84.51,  85.47,  53.75,  12.94,  61.04,  81.6 ,  96.19,  29.67,
   94.61,  31.38,  41.47,  63.76,  15.3 ,  69.03,  59.47,  22.84,   0.  ,
   80.46,  15.46,  11.82,  36.72,  93.56,  87.14,  57.4 ,  22.38,  55.47,
   76.79,  67.36,  33.86,  47.31,  29.76,   6.73,  43.13,  67.47,  66.08,
   39.46,  88.11,  53.22,  77.91,  15.91,  43.47,  72.37,  23.29,  42.59,
   74.32,  27.93,  85.79,  23.36,  74.25,  25.03,  36.06,  69.82,  54.35,
   26.15,  87.57,  63.44,  85.47,  50.15,  44.84,  38.38,  21.41,  33.83,
   65.34,  40.69,  65.67,  10.86,  42.53,  90.07,  16.14,  56.18,  45.45,
   30.77],
 [ 34.84,  62.3 ,  55.84,  16.48,  48.15,  27.51,  87.12,  53.35,  26.39,
   52.5 ,  75.6 ,  38.74,  34.41,  21.45,  81.74,  72.98,  24.19,  85.14,
   64.28,  62.72,  21.81,  21.38,  14.81,  27.24,  67.94,  85.22,  83.98,
   52.18,  51.82,  39.5 ,  51.74,  79.37,  23.48,   9.15,  27.73,  83.11,
   15.32,  58.75,  91.28,  64.34,  74.89,  68.32,  43.27,  61.47,  80.46,
    0.  ,  65.9 ,  68.73,  49.41,  61.26,  11.69,  28.25,  91.44,  29.39,
   64.56,  57.77,  81.56,  53.76,  86.33,  79.23,  71.17,  63.5 ,  30.6 ,
   71.38,  23.17,  57.44,  37.56,  91.1 ,  39.93,  35.55,  96.09,  55.92,
   69.63,  53.33,  43.99,  92.  ,  22.52,  98.59,  55.47,  11.9 ,  26.11,
   54.37,  12.55,  56.38,  14.55,  89.26,  62.53,  75.27,  65.81,  99.96,
   63.94,  82.17,  14.82,  71.53,  62.48,  18.59,  78.49,  42.51,  63.36,
   77.04],
 [ 54.85,   4.72,  72.8 ,  76.6 ,  21.69,  84.55,  35.62,  69.14,  45.8 ,
   42.55,  44.73,  50.76,  37.81,  56.31,  54.17,  41.97,  79.64,  32.1 ,
   65.04,  14.33,  64.22,  80.55,  51.21,  45.1 ,  43.3 ,  29.89,  37.84,
   39.57,  76.51,  75.35,  47.17,  21.55,  48.02,  66.5 ,  80.75,  36.27,
   79.69,  17.62,  48.73,  60.02,  11.96,  65.77,  50.8 ,   8.24,  15.46,
   65.9 ,   0.  ,   6.82,  27.3 ,  86.39,  73.32,  44.95,  34.48,  40.07,
   71.94,  61.8 ,  29.91,  33.53,  37.72,  13.36,  33.8 ,  63.22,  54.95,
   30.49,  75.55,  48.26,  67.88,  29.97,  28.04,  57.12,  36.94,  37.05,
   70.82,  16.22,  76.35,  35.39,  62.01,  39.05,  21.91,  54.91,  39.94,
   12.98,  72.43,  57.8 ,  72.06,  55.1 ,  41.7 ,  40.38,  18.8 ,  45.88,
   61.38,  35.6 ,  51.24,   5.68,  39.43,  74.74,  15.7 ,  47.21,  33.76,
   25.25],
 [ 60.49,  11.19,  70.16,  80.43,  27.34,  88.87,  28.81,  66.59,  46.78,
   39.49,  38.84,  49.55,  42.9 ,  57.17,  48.17,  36.22,  83.99,  37.  ,
   61.19,  10.2 ,  64.89,  84.57,  53.93,  46.  ,  38.18,  34.44,  43.5 ,
   46.17,  74.46,  74.5 ,  44.23,  14.87,  49.25,  70.15,  85.33,  29.51,
   83.03,  24.38,  41.98,  55.95,  15.89,  61.54,  48.99,  14.96,  11.82,
   68.73,   6.82,   0.  ,  25.69,  83.95,  75.32,  45.69,  28.01,  44.56,
   68.39,  58.5 ,  35.21,  40.19,  30.9 ,  12.98,  40.39,  59.37,  54.71,
   36.99,  76.42,  44.59,  66.96,  24.22,  32.77,  62.8 ,  30.86,  33.49,
   66.71,  16.16,  75.1 ,  28.89,  62.61,  33.09,  28.55,  58.26,  42.63,
   14.37,  76.15,  54.51,  73.66,  48.63,  37.21,  34.33,  13.37,  39.29,
   57.4 ,  41.32,  53.93,   7.69,  34.89,  78.88,  19.02,  45.55,  40.58,
   30.87],
 [ 54.38,  27.03,  45.63,  63.9 ,  29.13,  73.91,  37.71,  41.93,  23.91,
   16.38,  30.15,  23.86,  36.38,  33.45,  38.74,  27.06,  69.37,  58.41,
   39.55,  16.2 ,  40.64,  68.6 ,  35.34,  23.04,  24.39,  56.61,  62.61,
   50.  ,  49.21,  48.83,  20.58,  31.41,  26.78,  53.49,  71.68,  33.86,
   64.65,  35.32,  43.21,  35.23,  39.26,  41.14,  23.52,  29.48,  36.72,
   49.41,  27.3 ,  25.69,   0.  ,  59.12,  53.39,  22.36,  42.41,  34.67,
   45.75,  35.38,  55.72,  45.75,  37.01,  38.64,  54.83,  37.78,  29.48,
   52.43,  52.24,  23.09,  41.28,  43.29,  27.55,  56.7 ,  47.35,  12.92,
   45.74,  11.48,  49.42,  42.89,  38.29,  49.87,  36.6 ,  41.43,  25.68,
   15.49,  59.44,  31.44,  50.89,  43.92,  20.13,  28.12,  17.31,  50.55,
   36.28,  60.32,  35.23,  32.1 ,  18.58,  63.65,  43.  ,  19.97,  51.17,
   50.68],
 [ 91.23,  86.03,  13.92,  75.9 ,  83.17,  86.2 ,  81.38,  17.37,  50.15,
   44.6 ,  58.73,  37.14,  80.26,  44.21,  57.03,  58.55,  84.19, 117.25,
   27.94,  73.79,  39.92,  80.15,  60.17,  50.18,  52.69, 115.61, 120.62,
   99.51,  10.83,  21.83,  39.83,  84.1 ,  50.43,  70.38,  88.04,  75.23,
   70.78,  92.2 ,  74.66,  33.31,  98.35,  30.87,  35.88,  88.12,  93.56,
   61.26,  86.39,  83.95,  59.12,   0.  ,  52.86,  49.4 ,  89.34,  75.34,
   20.57,  26.97, 114.37,  97.61,  78.22,  96.85, 111.03,  29.26,  37.8 ,
  109.31,  40.33,  40.83,  24.84,  94.24,  77.3 ,  92.77,  94.8 ,  50.98,
   26.9 ,  70.5 ,  17.27,  89.26,  39.98,  96.96,  91.96,  65.56,  62.63,
   74.36,  73.03,  30.56,  48.32,  65.85,  50.09,  62.33,  72.16,  91.18,
   31.57, 118.35,  59.91,  90.94,  52.17,  79.22, 102.05,  39.57, 105.53,
  109.27],
 [ 46.53,  70.16,  49.63,  23.13,  57.42,  33.37,  90.63,  47.73,  29.48,
   52.87,  76.41,  37.54,  44.99,  20.79,  81.41,  74.09,  31.43,  94.99,
   60.4 ,  68.17,  16.78,  27.29,  22.88,  30.35,  68.51,  94.84,  94.41,
   63.43,  44.41,  31.14,  51.08,  84.49,  26.65,  19.87,  35.31,  86.05,
   18.09,  68.17,  92.93,  61.47,  83.18,  64.64,  41.83,  69.82,  87.14,
   11.69,  73.32,  75.32,  53.39,  52.86,   0.  ,  31.05,  95.79,  39.72,
   59.32,  54.09,  91.45,  64.62,  89.37,  86.66,  81.83,  59.93,  28.71,
   81.79,  12.8 ,  56.62,  31.16,  96.38,  49.19,  47.21, 100.73,  57.41,
   65.09,  59.34,  35.83,  96.25,  18.57, 103.25,  65.28,  22.57,  33.64,
   61.05,  20.74,  53.49,   4.65,  89.54,  63.17,  76.82,  70.52, 103.37,
   60.77,  92.52,  22.77,  79.  ,  63.55,  26.8 ,  86.9 ,  42.08,  74.18,
   86.76],
 [ 44.62,  42.72,  38.65,  44.  ,  34.93,  54.69,  59.68,  35.11,   1.91,
   24.71,  47.4 ,  14.39,  31.08,  11.48,  53.93,  44.75,  50.6 ,  71.7 ,
   41.1 ,  37.62,  19.28,  48.89,  16.37,   1.18,  39.85,  70.74,  73.48,
   50.12,  38.56,  32.56,  24.86,  53.63,   4.78,  34.1 ,  53.51,  55.29,
   43.54,  45.02,  63.05,  39.52,  56.06,  44.53,  18.34,  43.48,  57.4 ,
   28.25,  44.95,  45.69,  22.36,  49.4 ,  31.05,   0.  ,  64.74,  26.5 ,
   44.  ,  34.82,  68.44,  48.32,  58.58,  57.9 ,  62.71,  39.85,  11.88,
   61.46,  30.74,  30.44,  25.89,  65.53,  28.21,  46.58,  69.71,  27.67,
   47.26,  29.53,  34.92,  65.2 ,  17.05,  72.23,  43.82,  23.27,  13.48,
   32.03,  39.62,  32.21,  28.57,  61.15,  34.45,  47.02,  39.58,  72.46,
   39.6 ,  71.31,  16.16,  50.5 ,  34.28,  44.72,  59.91,  16.13,  56.6 ,
   63.37],
 [ 88.1 ,  39.1 ,  75.73, 104.98,  55.17, 114.28,   8.37,  72.87,  66.32,
   47.75,  31.54,  62.65,  70.07,  75.58,  37.48,  31.02, 109.51,  56.21,
   62.17,  29.38,  82.31, 109.46,  76.92,  65.45,  36.66,  52.95,  64.63,
   74.04,  82.08,  86.57,  51.94,  13.33,  69.19,  94.52, 111.26,  14.45,
  106.5 ,  52.  ,  22.2 ,  56.51,  37.66,  60.58,  60.14,  42.71,  22.38,
   91.44,  34.48,  28.01,  42.41,  89.34,  95.79,  64.74,   0.  ,  70.96,
   70.03,  62.41,  55.93,  67.99,  12.14,  29.04,  65.45,  60.58,  70.25,
   61.8 ,  93.78,  49.09,  79.26,   8.19,  59.75,  90.44,   5.49,  41.35,
   65.8 ,  39.12,  85.66,   0.98,  79.96,   7.84,  56.38,  82.35,  66.19,
   39.64, 100.57,  59.01,  93.17,  32.72,  39.61,  27.29,  25.66,  11.55,
   58.26,  62.83,  76.86,  31.9 ,  37.8 , 104.07,  38.39,  57.72,  67.28,
   53.1 ],
 [ 19.84,  35.78,  65.13,  36.93,  19.66,  44.49,  68.79,  61.61,  25.4 ,
   46.48,  64.82,  40.68,   5.45,  32.04,  73.21,  61.74,  39.58,  55.78,
   66.63,  41.77,  38.85,  40.62,  17.79,  25.53,  58.68,  55.95,  54.71,
   25.07,  64.55,  56.43,  48.47,  57.8 ,  24.91,  27.35,  40.78,  66.41,
   40.93,  29.77,  77.12,  64.18,  47.16,  69.65,  44.17,  34.03,  55.47,
   29.39,  40.07,  44.56,  34.67,  75.34,  39.72,  26.5 ,  70.96,   0.  ,
   70.24,  60.64,  52.2 ,  25.13,  69.17,  52.84,  42.12,  65.21,  37.57,
   42.1 ,  47.19,  53.35,  50.9 ,  68.59,  12.05,  22.12,  74.74,  46.29,
   72.95,  32.19,  59.69,  71.7 ,  37.59,  77.11,  26.18,  17.49,  13.04,
   31.32,  32.99,  57.6 ,  40.46,  78.58,  53.87,  62.68,  46.34,  81.18,
   64.58,  52.85,  17.99,  45.35,  52.74,  34.75,  50.51,  41.26,  34.59,
   47.73],
 [ 88.58,  72.48,  10.74,  80.74,  73.27,  91.69,  61.86,  11.63,  45.41,
   29.52,  38.81,  29.62,  74.38,  43.82,  36.49,  39.01,  88.71, 103.82,
    7.86,  58.25,  43.16,  85.47,  58.63,  45.08,  33.57, 101.79, 108.35,
   92.2 ,  18.4 ,  30.88,  25.17,  66.2 ,  46.86,  73.05,  92.29,  55.69,
   77.15,  80.85,  54.25,  13.54,  83.71,  10.3 ,  26.15,  75.17,  76.79,
   64.56,  71.94,  68.39,  45.75,  20.57,  59.32,  44.  ,  70.03,  70.24,
    0.  ,  10.4 , 101.28,  89.16,  58.52,  80.89, 100.29,   9.51,  35.01,
   98.05,  48.72,  23.8 ,  28.25,  75.54,  68.99,  90.49,  75.42,  34.96,
    6.89,  57.11,  26.85,  69.86,  42.09,  77.46,  81.56,  65.13,  57.25,
   61.18,  77.09,  14.3 ,  54.72,  45.28,  32.03,  42.76,  55.63,  71.05,
   11.81, 106.06,  58.37,  75.82,  34.31,  83.14,  87.2 ,  29.37,  95.91,
   96.3 ],
 [ 79.4 ,  62.2 ,  13.38,  74.2 ,  62.93,  85.23,  54.51,  11.02,  36.38,
   19.27,  32.28,  20.52,  64.57,  36.43,  32.37,  31.79,  81.91,  93.58,
    6.53,  48.31,  37.37,  79.05,  50.23,  35.95,  25.8 ,  91.6 ,  98.  ,
   82.07,  20.42,  29.45,  14.8 ,  57.34,  38.16,  65.8 ,  85.32,  48.39,
   71.33,  70.45,  48.93,   8.23,  73.64,  10.6 ,  16.53,  64.84,  67.36,
   57.77,  61.8 ,  58.5 ,  35.38,  26.97,  54.09,  34.82,  62.41,  60.64,
   10.4 ,   0.  ,  91.  ,  78.9 ,  51.45,  71.16,  89.89,   5.85,  27.3 ,
   87.66,  44.96,  14.14,  24.49,  67.29,  58.82,  81.39,  67.88,  25.01,
   12.44,  46.78,  26.56,  62.35,  35.88,  70.06,  71.18,  56.94,  47.75,
   50.84,  70.3 ,   4.  ,  49.66,  41.39,  23.17,  35.57,  46.02,  64.74,
    7.01,  95.71,  49.98,  65.84,  25.31,  76.18,  77.17,  19.43,  85.55,
   86.  ],
 [ 57.32,  28.8 , 101.19,  87.35,  34.35,  92.34,  60.37,  97.45,  68.67,
   71.76,  74.03,  77.56,  47.42,  78.7 ,  83.3 ,  71.44,  87.6 ,   3.59,
   94.63,  44.23,  86.62,  90.1 ,  68.65,  68.18,  73.15,   5.18,   8.73,
   35.08, 104.04, 100.77,  76.21,  46.25,  70.1 ,  78.88,  87.36,  62.94,
   92.42,  23.65,  75.1 ,  89.75,  19.65,  95.55,  78.49,  26.29,  33.86,
   81.56,  29.91,  35.21,  55.72, 114.37,  91.45,  68.44,  55.93,  52.2 ,
  101.28,  91.  ,   0.  ,  30.3 ,  63.42,  27.13,  15.06,  92.82,  79.85,
   12.35,  96.95,  77.84,  93.66,  48.51,  42.41,  58.93,  55.73,  66.66,
  100.53,  44.25, 102.55,  56.9 ,  84.7 ,  56.88,  26.17,  69.67,  58.88,
   40.24,  83.98,  87.02,  91.51,  83.07,  71.6 ,  69.47,  48.43,  67.06,
   91.05,   6.94,  68.79,  27.68,  69.33,  84.13,  17.75,  74.8 ,  22.23,
    5.11],
 [ 27.07,  29.01,  86.01,  57.53,  16.65,  62.07,  68.85,  82.3 ,  47.81,
   61.42,  73.23,  60.96,  19.72,  56.19,  82.6 ,  70.14,  57.36,  33.82,
   84.07,  43.43,  63.49,  60.02,  42.9 ,  47.64,  69.21,  34.97,  30.7 ,
    6.17,  86.79,  80.26,  64.81,  55.05,  48.2 ,  49.73,  57.06,  68.69,
   63.04,  16.03,  80.92,  80.41,  33.82,  86.27,  63.43,  25.29,  47.31,
   53.76,  33.53,  40.19,  45.75,  97.61,  64.62,  48.32,  67.99,  25.13,
   89.16,  78.9 ,  30.3 ,   0.  ,  70.57,  42.13,  17.58,  82.41,  60.15,
   18.49,  72.29,  68.43,  74.08,  62.96,  20.37,  28.78,  70.16,  58.66,
   90.44,  36.96,  83.07,  68.91,  62.01,  72.13,  11.65,  42.09,  35.74,
   33.57,  54.43,  75.29,  65.57,  85.6 ,  65.63,  69.72,  48.81,  79.41,
   81.24,  29.13,  43.09,  36.58,  63.81,  54.09,  35.79,  59.95,   9.6 ,
   26.97],
 [ 87.64,  41.83,  64.84, 100.88,  55.95, 110.76,   3.86,  62.19,  60.32,
   38.62,  19.75,  54.22,  69.22,  68.72,  25.35,  19.68, 106.15,  64.26,
   50.69,  28.03,  74.82, 105.55,  72.35,  59.43,  25.7 ,  61.15,  72.12,
   76.36,  71.52,  77.1 ,  42.36,  17.2 ,  63.25,  90.46, 108.26,   3.37,
  101.61,  55.1 ,  11.71,  45.08,  44.08,  48.85,  51.18,  45.7 ,  29.76,
   86.33,  37.72,  30.9 ,  37.01,  78.22,  89.37,  58.58,  12.14,  69.17,
   58.52,  51.45,  63.42,  70.57,   0.  ,  36.38,  70.95,  49.17,  62.4 ,
   67.43,  86.01,  38.79,  70.03,  19.51,  58.98,  90.01,  17.16,  32.71,
   54.  ,  37.09,  75.78,  11.73,  72.51,  19.02,  58.99,  78.34,  62.34,
   38.84,  96.42,  48.29,  86.34,  21.17,  29.43,  15.9 ,  22.97,  14.18,
   46.83,  70.13,  72.25,  36.89,  27.95, 100.5 ,  45.69,  49.23,  71.48,
   59.91],
 [ 66.15,  17.12,  83.03,  89.62,  33.68,  97.25,  33.25,  79.49,  58.85,
   52.32,  48.85,  62.48,  50.1 ,  69.33,  57.71,  46.61,  92.33,  27.88,
   73.54,  23.07,  77.18,  93.45,  64.56,  58.12,  49.53,  24.81,  35.86,
   48.29,  87.43,  87.39,  57.07,  19.34,  61.16,  79.63,  93.24,  36.13,
   92.9 ,  26.54,  48.08,  68.16,   8.9 ,  73.61,  61.98,  19.03,   6.73,
   79.23,  13.36,  12.98,  38.64,  96.85,  86.66,  57.9 ,  29.04,  52.84,
   80.89,  71.16,  27.13,  42.13,  36.38,   0.  ,  36.68,  71.72,  67.4 ,
   32.99,  88.61,  57.13,  79.86,  22.19,  40.8 ,  68.32,  29.59,  46.17,
   78.85,  28.54,  88.06,  30.02,  74.93,  31.15,  31.3 ,  68.16,  53.29,
   25.91,  85.51,  67.19,  85.33,  56.52,  49.26,  44.09,  25.29,  40.42,
   69.68,  33.95,  64.6 ,   7.7 ,  46.93,  87.59,   9.41,  58.53,  39.47,
   24.06],
 [ 43.63,  30.69,  98.59,  75.  ,  27.91,  79.03,  68.42,  94.83,  62.54,
   71.19,  78.15,  73.9 ,  36.85,  71.78,  87.64,  75.26,  74.43,  18.09,
   94.36,  47.23,  79.4 ,  77.32,  59.63,  62.22,  75.75,  20.23,  13.21,
   21.11, 100.35,  95.22,  75.21,  53.98,  63.41,  67.31,  73.85,  69.83,
   80.6 ,  19.5 ,  82.28,  90.02,  27.84,  95.93,  75.66,  27.  ,  43.13,
   71.17,  33.8 ,  40.39,  54.83, 111.03,  81.83,  62.71,  65.45,  42.12,
  100.29,  89.89,  15.06,  17.58,  70.95,  36.68,   0.  ,  92.6 ,  74.55,
    3.69,  88.84,  77.87,  88.58,  58.87,  34.73,  45.02,  66.27,  67.12,
  100.57,  44.04,  97.61,  66.42,  77.74,  67.79,  19.08,  59.4 ,  51.27,
   40.01,  71.97,  86.04,  82.52,  88.9 ,  73.18,  73.97,  52.25,  76.95,
   91.1 ,  11.87,  59.81,  34.1 ,  71.08,  71.43,  27.89,  72.01,   8.15,
   14.09],
 [ 84.26,  64.04,  16.84,  79.96,  66.17,  90.98,  52.45,  15.47,  41.49,
   21.4 ,  29.53,  25.76,  68.91,  42.11,  28.17,  29.58,  87.61,  95.24,
    1.82,  49.3 ,  43.21,  84.81,  55.56,  41.01,  24.06,  93.11, 100.11,
   85.87,  24.51,  34.75,  17.61,  56.72,  43.42,  71.44,  91.  ,  46.28,
   77.15,  73.1 ,  45.47,   4.09,  74.87,   4.82,  21.52,  66.91,  67.47,
   63.5 ,  63.22,  59.37,  37.78,  29.26,  59.93,  39.85,  60.58,  65.21,
    9.51,   5.85,  92.82,  82.41,  49.17,  71.72,  92.6 ,   0.  ,  32.96,
   90.2 ,  50.73,  14.98,  30.17,  66.03,  62.6 ,  86.29,  65.98,  26.18,
    8.03,  48.9 ,  31.54,  60.43,  41.7 ,  68.06,  74.16,  62.34,  52.46,
   52.99,  76.02,   7.65,  55.5 ,  37.15,  22.63,  33.34,  46.44,  61.93,
    2.33,  97.82,  55.32,  66.89,  24.93,  81.87,  78.28,  24.01,  88.65,
   87.89],
 [ 54.37,  53.25,  28.05,  47.08,  46.71,  58.11,  64.15,  24.8 ,  12.39,
   24.51,  47.97,   8.84,  42.46,   9.16,  52.7 ,  45.82,  54.66,  83.04,
   33.82,  45.65,  12.59,  51.96,  23.74,  12.51,  40.04,  81.92,  85.15,
   61.78,  26.99,  20.91,  22.38,  60.49,  12.72,  38.5 ,  58.04,  59.03,
   44.75,  56.61,  64.8 ,  33.75,  66.48,  37.78,  13.15,  54.4 ,  66.08,
   30.6 ,  54.95,  54.71,  29.48,  37.8 ,  28.71,  11.88,  70.25,  37.57,
   35.01,  27.3 ,  79.85,  60.15,  62.4 ,  67.4 ,  74.55,  32.96,   0.  ,
   73.23,  23.63,  27.92,  14.03,  72.25,  40.09,  56.13,  75.51,  29.74,
   39.43,  38.9 ,  23.06,  70.57,  10.38,  78.  ,  55.61,  30.13,  24.83,
   41.99,  43.08,  25.79,  24.87,  60.88,  34.78,  48.78,  46.48,  76.57,
   33.34,  82.96,  23.48,  60.3 ,  35.41,  48.91,  70.33,  13.57,  68.48,
   74.76],
 [ 45.25,  27.58,  96.69,  76.  ,  26.52,  80.49,  64.86,  92.93,  61.39,
   68.8 ,  75.01,  72.18,  36.97,  70.88,  84.5 ,  72.16,  75.81,  15.66,
   91.97,  44.13,  78.61,  78.51,  59.33,  61.02,  72.83,  17.41,  12.62,
   22.84,  98.7 ,  94.01,  72.92,  50.41,  62.42,  67.96,  75.41,  66.36,
   81.38,  17.24,  78.81,  87.52,  24.17,  93.42,  73.75,  24.  ,  39.46,
   71.38,  30.49,  36.99,  52.43, 109.31,  81.79,  61.46,  61.8 ,  42.1 ,
   98.05,  87.66,  12.35,  18.49,  67.43,  32.99,   3.69,  90.2 ,  73.23,
    0.  ,  88.34,  75.39,  87.24,  55.18,  33.82,  46.78,  62.58,  64.52,
   98.13,  41.43,  96.25,  62.77,  76.87,  64.1 ,  17.64,  59.53,  50.49,
   37.37,  72.82,  83.77,  82.27,  85.57,  70.42,  70.78,  49.07,  73.29,
   88.65,  10.8 ,  59.5 ,  30.55,  68.28,  72.58,  24.21,  70.08,   9.9 ,
   10.63],
 [ 57.33,  73.04,  38.48,  35.91,  62.61,  45.94,  87.78,  37.11,  29.76,
   47.83,  70.97,  31.97,  52.63,  19.28,  74.72,  69.03,  44.2 , 100.38,
   50.91,  68.1 ,  11.61,  39.95,  29.4 ,  30.49,  63.05,  99.83, 100.85,
   71.99,  32.52,  18.93,  45.06,  83.61,  27.58,  32.08,  48.09,  82.65,
   30.47,  73.31,  88.03,  52.87,  86.35,  55.22,  35.62,  73.37,  88.11,
   23.17,  75.55,  76.42,  52.24,  40.33,  12.8 ,  30.74,  93.78,  47.19,
   48.72,  44.96,  96.95,  72.29,  86.01,  88.61,  88.84,  50.73,  23.63,
   88.34,   0.  ,  50.18,  20.67,  95.46,  54.68,  58.29,  99.  ,  53.33,
   54.93,  60.27,  23.63,  94.12,  13.96, 101.49,  71.09,  31.7 ,  38.08,
   62.71,  33.51,  45.12,   8.7 ,  83.3 ,  57.96,  72.14,  69.51, 100.19,
   51.91,  98.83,  29.2 ,  81.15,  58.78,  39.6 ,  90.18,  36.93,  81.62,
   92.04],
 [ 72.99,  49.07,  26.96,  73.75,  51.95,  84.66,  41.51,  23.87,  32.31,
    7.06,  21.13,  19.11,  56.44,  36.43,  24.8 ,  19.7 ,  80.77,  80.27,
   16.8 ,  34.46,  40.23,  78.67,  46.81,  31.62,  13.46,  78.15,  85.15,
   72.27,  33.  ,  38.62,   5.7 ,  43.28,  34.84,  64.26,  83.81,  35.56,
   72.23,  58.37,  38.36,  12.15,  59.97,  18.06,  14.82,  51.97,  53.22,
   57.44,  48.26,  44.59,  23.09,  40.83,  56.62,  30.44,  49.09,  53.35,
   23.8 ,  14.14,  77.84,  68.43,  38.79,  57.13,  77.87,  14.98,  27.92,
   75.39,  50.18,   0.  ,  31.92,  53.51,  49.15,  75.16,  54.58,  11.22,
   22.78,  34.01,  37.03,  49.12,  38.18,  56.86,  59.66,  53.71,  41.32,
   38.09,  69.5 ,  10.3 ,  52.71,  33.15,   9.48,  23.27,  31.92,  52.62,
   13.28,  82.87,  46.6 ,  52.04,  11.4 ,  74.9 ,  63.42,  14.93,  74.22,
   72.92],
 [ 66.39,  66.55,  18.52,  53.22,  60.73,  64.  ,  72.35,  16.62,  26.27,
   31.55,  53.04,  17.47,  55.98,  19.38,  55.5 ,  51.55,  61.37,  96.8 ,
   30.28,  57.36,  15.76,  57.81,  35.34,  26.48,  45.34,  95.57,  99.11,
   75.49,  14.51,   7.56,  27.69,  70.91,  26.08,  46.51,  65.09,  66.7 ,
   49.13,  70.55,  70.27,  32.57,  79.63,  34.59,  19.15,  67.95,  77.91,
   37.56,  67.88,  66.96,  41.28,  24.84,  31.16,  25.89,  79.26,  50.9 ,
   28.25,  24.49,  93.66,  74.08,  70.03,  79.86,  88.58,  30.17,  14.03,
   87.24,  20.67,  31.92,   0.  ,  82.32,  54.1 ,  67.94,  84.69,  37.92,
   34.3 ,  51.68,   9.03,  79.45,  15.39,  87.1 ,  69.63,  40.8 ,  38.51,
   55.06,  49.86,  25.14,  26.53,  64.35,  40.77,  55.01,  57.32,  84.1 ,
   31.49,  96.9 ,  35.07,  73.05,  42.08,  56.02,  83.46,  21.95,  82.49,
   88.56],
 [ 84.66,  34.69,  80.45, 103.81,  51.47, 112.65,  15.65,  77.38,  66.97,
   51.2 ,  37.86,  65.22,  67.11,  76.74,  44.66,  36.85, 107.8 ,  48.57,
   67.7 ,  28.39,  83.87, 108.12,  76.37,  66.12,  41.97,  45.27,  57.16,
   69.1 ,  86.38,  89.77,  55.67,  11.9 ,  69.74,  93.41, 109.29,  21.12,
  105.88,  46.95,  30.26,  62.01,  31.05,  66.48,  63.19,  37.99,  15.91,
   91.1 ,  29.97,  24.22,  43.29,  94.24,  96.38,  65.53,   8.19,  68.59,
   75.54,  67.29,  48.51,  62.96,  19.51,  22.19,  58.87,  66.03,  72.25,
   55.18,  95.46,  53.51,  82.32,   0.  ,  56.93,  86.96,   7.4 ,  44.62,
   71.77,  37.86,  89.25,   9.05,  81.51,   9.17,  51.53,  81.33,  65.29,
   37.54,  99.46,  63.7 ,  94.1 ,  40.55,  44.15,  33.29,  25.99,  18.58,
   63.73,  55.44,  76.33,  26.39,  42.12, 102.55,  31.28,  60.44,  61.35,
   46.01],
 [ 28.66,  23.74,  65.64,  48.87,   8.25,  56.52,  58.24,  61.93,  27.89,
   42.08,  57.12,  40.58,  10.34,  37.08,  66.07,  53.98,  51.61,  45.91,
   64.21,  31.06,  44.79,  52.65,  26.31,  27.63,  51.89,  45.65,  46.24,
   23.27,  66.5 ,  60.57,  45.09,  46.47,  28.68,  39.07,  52.72,  56.44,
   52.54,  18.99,  67.78,  60.86,  35.34,  66.65,  43.12,  22.07,  43.47,
   39.93,  28.04,  32.77,  27.55,  77.3 ,  49.19,  28.21,  59.75,  12.05,
   68.99,  58.82,  42.41,  20.37,  58.98,  40.8 ,  34.73,  62.6 ,  40.09,
   33.82,  54.68,  49.15,  54.1 ,  56.93,   0.  ,  31.03,  63.28,  40.27,
   70.6 ,  21.99,  63.12,  60.54,  43.06,  65.61,  16.42,  28.23,  16.67,
   20.28,  44.85,  55.32,  49.1 ,  70.46,  47.66,  54.35,  36.01,  70.32,
   61.58,  44.18,  26.44,  33.3 ,  46.13,  46.79,  38.8 ,  39.69,  28.39,
   37.62],
 [  2.37,  52.43,  84.18,  32.33,  35.49,  34.31,  89.25,  80.91,  45.1 ,
   68.4 ,  86.85,  60.96,  20.82,  48.6 ,  95.32,  83.76,  29.95,  62.38,
   87.61,  62.08,  53.43,  33.51,  32.66,  45.47,  80.79,  63.71,  58.1 ,
   23.95,  82.31,  72.06,  70.09,  77.11,  43.7 ,  27.99,  28.95,  87.44,
   39.07,  42.04,  98.6 ,  85.59,  60.9 ,  90.88,  64.87,  49.56,  72.37,
   35.55,  57.12,  62.8 ,  56.7 ,  92.77,  47.21,  46.58,  90.44,  22.12,
   90.49,  81.39,  58.93,  28.78,  90.01,  68.32,  45.02,  86.29,  56.13,
   46.78,  58.29,  75.16,  67.94,  86.96,  31.03,   0.  ,  93.65,  68.41,
   93.82,  52.97,  76.02,  91.26,  52.96,  95.89,  37.33,  27.42,  33.95,
   51.28,  30.55,  78.64,  49.93, 100.55,  75.99,  84.57,  67.04, 101.21,
   85.86,  56.9 ,  32.92,  61.59,  74.86,  28.06,  63.47,  62.31,  36.99,
   55.75],
 [ 91.33,  41.65,  81.21, 109.33,  58.2 , 118.44,  13.59,  78.36,  71.26,
   53.2 ,  36.81,  68.  ,  73.55,  80.67,  42.32,  36.41, 113.63,  55.66,
   67.56,  33.6 ,  87.49, 113.74,  81.48,  70.39,  42.11,  52.34,  64.35,
   76.28,  87.57,  92.02,  57.41,  17.  ,  74.1 ,  98.89, 115.27,  19.75,
  111.06,  54.14,  26.1 ,  61.91,  38.46,  65.9 ,  65.56,  45.06,  23.29,
   96.09,  36.94,  30.86,  47.35,  94.8 , 100.73,  69.71,   5.49,  74.74,
   75.42,  67.88,  55.73,  70.16,  17.16,  29.59,  66.27,  65.98,  75.51,
   62.58,  99.  ,  54.58,  84.69,   7.4 ,  63.28,  93.65,   0.  ,  46.78,
   71.09,  43.3 ,  91.14,   5.55,  85.14,   2.52,  58.67,  86.74,  70.6 ,
   43.46, 104.94,  64.5 ,  98.21,  36.94,  45.11,  32.66,  30.32,  11.71,
   63.66,  62.67,  81.42,  33.64,  43.29, 108.27,  38.63,  63.1 ,  68.73,
   53.34],
 [ 66.13,  37.92,  37.07,  71.58,  42.02,  82.15,  34.67,  33.66,  29.56,
    6.6 ,  19.79,  21.53,  48.6 ,  36.62,  27.16,  17.08,  77.89,  69.06,
   28.  ,  23.32,  42.25,  76.45,  43.32,  28.72,  12.61,  66.93,  74.05,
   62.91,  42.2 ,  45.27,  11.25,  33.62,  32.44,  61.51,  80.58,  29.34,
   71.18,  47.67,  35.57,  23.13,  48.77,  28.98,  18.78,  40.91,  42.59,
   55.92,  37.05,  33.49,  12.92,  50.98,  57.41,  27.67,  41.35,  46.29,
   34.96,  25.01,  66.66,  58.66,  32.71,  46.17,  67.12,  26.18,  29.74,
   64.52,  53.33,  11.22,  37.92,  44.62,  40.27,  68.41,  46.78,   0.  ,
   33.88,  23.1 ,  44.63,  41.56,  39.96,  49.19,  49.28,  50.  ,  35.58,
   27.16,  67.17,  21.03,  54.08,  33.67,   7.58,  19.46,  21.19,  46.89,
   24.4 ,  71.76,  43.15,  40.87,   6.73,  72.04,  52.24,  16.54,  63.86,
   61.76],
 [ 91.82,  71.8 ,  17.54,  85.97,  74.2 ,  96.97,  57.5 ,  17.91,  48.83,
   29.38,  34.27,  32.96,  76.76,  48.49,  30.77,  34.93,  93.81, 102.89,
    6.39,  56.76,  48.63,  90.77,  62.62,  48.39,  30.08, 100.69, 107.92,
   93.87,  25.27,  37.5 ,  25.64,  63.1 ,  50.58,  77.87,  97.3 ,  51.36,
   82.72,  81.06,  48.78,  10.8 ,  82.36,   5.32,  28.95,  74.74,  74.32,
   69.63,  70.82,  66.71,  45.74,  26.9 ,  65.09,  47.26,  65.8 ,  72.95,
    6.89,  12.44, 100.53,  90.44,  54.  ,  78.85, 100.57,   8.03,  39.43,
   98.13,  54.93,  22.78,  34.3 ,  71.77,  70.6 ,  93.82,  71.09,  33.88,
    0.  ,  56.78,  33.6 ,  65.55,  47.37,  73.02,  82.17,  69.29,  60.12,
   60.87,  82.18,  15.39,  60.54,  39.32,  29.6 ,  38.57,  53.6 ,  65.96,
    9.5 , 105.63,  62.37,  74.3 ,  31.93,  88.14,  85.7 ,  31.7 ,  96.67,
   95.64],
 [ 50.59,  15.56,  57.09,  66.05,  20.56,  75.18,  36.6 ,  53.38,  30.61,
   27.62,  36.32,  34.55,  32.15,  41.01,  45.66,  33.22,  70.4 ,  46.93,
   50.7 ,   9.74,  48.76,  70.44,  38.55,  29.84,  32.4 ,  45.15,  51.25,
   41.94,  60.46,  59.15,  31.99,  26.33,  33.11,  55.62,  72.16,  34.48,
   68.02,  24.64,  45.81,  46.12,  28.08,  52.01,  34.74,  18.06,  27.93,
   53.33,  16.22,  16.16,  11.48,  70.5 ,  59.34,  29.53,  39.12,  32.19,
   57.11,  46.78,  44.25,  36.96,  37.09,  28.54,  44.04,  48.9 ,  38.9 ,
   41.43,  60.27,  34.01,  51.68,  37.86,  21.99,  52.97,  43.3 ,  23.1 ,
   56.78,   0.  ,  60.14,  39.81,  46.49,  45.76,  26.64,  43.5 ,  27.43,
    4.09,  61.67,  42.82,  57.56,  49.08,  29.29,  33.02,  14.16,  49.03,
   47.28,  48.96,  38.52,  21.42,  27.28,  64.99,  31.88,  31.1 ,  41.12,
   39.22],
 [ 74.57,  75.2 ,  16.12,  58.76,  69.75,  69.2 ,  78.38,  16.14,  35.28,
   38.07,  57.74,  25.62,  64.83,  27.83,  58.87,  56.65,  67.04, 105.66,
   31.12,  65.3 ,  22.77,  63.09,  43.63,  35.5 ,  50.4 , 104.38, 108.09,
   84.4 ,   9.06,   4.71,  33.73,  78.12,  34.98,  53.11,  70.86,  72.52,
   53.88,  79.52,  74.83,  34.75,  88.18,  35.26,  26.36,  76.73,  85.79,
   43.99,  76.35,  75.1 ,  49.42,  17.27,  35.83,  34.92,  85.66,  59.69,
   26.85,  26.56, 102.55,  83.07,  75.78,  88.06,  97.61,  31.54,  23.06,
   96.25,  23.63,  37.03,   9.03,  89.25,  63.12,  76.02,  91.14,  44.63,
   33.6 ,  60.14,   0.  ,  85.77,  23.06,  93.49,  78.64,  48.66,  47.45,
   63.63,  55.8 ,  28.46,  31.24,  67.87,  46.36,  60.28,  64.85,  89.64,
   33.34, 105.87,  43.36,  81.42,  47.96,  62.  ,  92.  ,  29.61,  91.51,
   97.44],
 [ 88.92,  40.  ,  75.69, 105.62,  56.02, 114.95,   8.06,  72.86,  66.8 ,
   47.91,  31.28,  62.9 ,  70.86,  76.  ,  37.02,  30.85, 110.19,  57.17,
   62.01,  30.07,  82.67, 110.1 ,  77.51,  65.92,  36.57,  53.91,  65.6 ,
   74.96,  82.09,  86.73,  52.06,  14.16,  69.67,  95.15, 111.96,  14.2 ,
  107.08,  52.93,  21.49,  56.35,  38.64,  60.36,  60.34,  43.63,  23.36,
   92.  ,  35.39,  28.89,  42.89,  89.26,  96.25,  65.2 ,   0.98,  71.7 ,
   69.86,  62.35,  56.9 ,  68.91,  11.73,  30.02,  66.42,  60.43,  70.57,
   62.77,  94.12,  49.12,  79.45,   9.05,  60.54,  91.26,   5.55,  41.56,
   65.55,  39.81,  85.77,   0.  ,  80.32,   7.74,  57.3 ,  82.98,  66.81,
   40.4 , 101.19,  58.99,  93.59,  32.08,  39.64,  27.11,  26.25,  10.59,
   58.1 ,  63.8 ,  77.44,  32.85,  37.86, 104.74,  39.36,  57.97,  68.24,
   54.07],
 [ 51.53,  59.72,  33.36,  38.66,  50.59,  49.63,  74.13,  30.83,  16.32,
   34.88,  58.35,  19.19,  42.93,   6.01,  62.97,  56.19,  46.63,  88.05,
   42.31,  54.16,   2.36,  43.42,  20.72,  16.96,  50.42,  87.28,  89.2 ,
   62.63,  29.88,  19.2 ,  32.71,  69.66,  14.61,  31.28,  50.24,  69.14,
   35.46,  61.09,  75.16,  43.03,  73.06,  46.47,  23.36,  60.32,  74.25,
   22.52,  62.01,  62.61,  38.29,  39.98,  18.57,  17.05,  79.96,  37.59,
   42.09,  35.88,  84.7 ,  62.01,  72.51,  74.93,  77.74,  41.7 ,  10.38,
   76.87,  13.96,  38.18,  15.39,  81.51,  43.06,  52.96,  85.14,  39.96,
   47.37,  46.49,  23.06,  80.32,   0.  ,  87.64,  59.33,  25.61,  26.47,
   49.08,  35.01,  35.03,  14.54,  71.23,  45.16,  59.12,  55.56,  86.65,
   42.41,  87.09,  20.46,  67.55,  45.75,  41.1 ,  76.91,  23.95,  70.98,
   79.7 ],
 [ 93.58,  43.76,  83.41, 111.8 ,  60.42, 120.88,  15.61,  80.6 ,  73.77,
   55.59,  38.76,  70.46,  75.86,  83.18,  43.92,  38.48, 116.07,  56.67,
   69.62,  36.07,  89.99, 116.2 ,  83.97,  72.9 ,  44.27,  53.33,  65.44,
   78.26,  89.83,  94.41,  59.77,  19.44,  76.62, 101.36, 117.68,  21.78,
  113.55,  56.11,  27.24,  63.98,  40.05,  67.86,  67.98,  47.11,  25.03,
   98.59,  39.05,  33.09,  49.87,  96.96, 103.25,  72.23,   7.84,  77.11,
   77.46,  70.06,  56.88,  72.13,  19.02,  31.15,  67.79,  68.06,  78.  ,
   64.1 , 101.49,  56.86,  87.1 ,   9.17,  65.61,  95.89,   2.52,  49.19,
   73.02,  45.76,  93.49,   7.74,  87.64,   0.  ,  60.68,  89.21,  73.08,
   45.85, 107.41,  66.72, 100.72,  38.18,  47.38,  34.71,  32.83,  11.54,
   65.73,  63.82,  83.92,  35.56,  45.6 , 110.72,  40.02,  65.54,  70.47,
   54.68],
 [ 35.26,  17.36,  79.57,  62.29,   8.89,  68.4 ,  57.22,  75.81,  43.75,
   52.82,  62.5 ,  54.83,  21.73,  53.33,  71.96,  59.46,  63.53,  29.72,
   75.89,  32.17,  61.12,  65.46,  42.51,  43.39,  59.02,  29.78,  29.87,
   17.66,  81.28,  76.38,  56.63,  43.41,  44.83,  53.28,  63.86,  57.17,
   66.88,   4.76,  69.47,  71.79,  23.58,  77.7 ,  56.65,  13.67,  36.06,
   55.47,  21.91,  28.55,  36.6 ,  91.96,  65.28,  43.82,  56.38,  26.18,
   81.56,  71.18,  26.17,  11.65,  58.99,  31.3 ,  19.08,  74.16,  55.61,
   17.64,  71.09,  59.66,  69.63,  51.53,  16.42,  37.33,  58.67,  49.28,
   82.17,  26.64,  78.64,  57.3 ,  59.33,  60.68,   0.  ,  43.58,  33.07,
   22.91,  58.65,  67.39,  65.4 ,  74.51,  55.85,  58.79,  37.54,  67.79,
   72.78,  27.78,  42.65,  25.23,  53.89,  59.47,  26.2 ,  53.01,  14.58,
   21.57],
 [ 26.12,  51.11,  57.8 ,  22.64,  36.4 ,  32.49,  78.74,  54.77,  21.41,
   47.82,  69.76,  36.59,  22.57,  21.73,  76.86,  66.92,  28.01,  73.24,
   63.41,  53.14,  26.01,  27.22,   6.9 ,  22.09,  62.51,  73.34,  72.14,
   40.9 ,  55.27,  44.65,  48.12,  69.81,  19.05,  12.18,  30.58,  75.24,
   24.8 ,  46.92,  84.42,  62.42,  63.42,  67.12,  40.97,  50.03,  69.82,
   11.9 ,  54.91,  58.26,  41.43,  65.56,  22.57,  23.27,  82.35,  17.49,
   65.13,  56.94,  69.67,  42.09,  78.34,  68.16,  59.4 ,  62.34,  30.13,
   59.53,  31.7 ,  53.71,  40.8 ,  81.33,  28.23,  27.42,  86.74,  50.  ,
   69.29,  43.5 ,  48.66,  82.98,  25.61,  89.21,  43.58,   0.  ,  16.17,
   44.02,  18.22,  54.8 ,  24.  ,  83.66,  57.19,  68.76,  56.75,  91.52,
   62.34,  70.31,   7.12,  60.49,  56.73,  22.24,  66.96,  39.23,  51.67,
   65.15],
 [ 31.85,  36.58,  52.13,  38.81,  24.53,  48.43,  62.63,  48.59,  12.49,
   34.71,  54.99,  27.65,  17.65,  20.54,  62.74,  52.03,  43.8 ,  62.32,
   53.84,  37.02,  28.14,  43.35,  11.31,  12.55,  48.19,  61.85,  62.91,
   36.99,  51.81,  44.53,  36.16,  53.7 ,  12.48,  28.34,  46.01,  59.29,
   40.59,  35.26,  68.88,  51.65,  49.54,  56.99,  31.23,  36.19,  54.35,
   26.11,  39.94,  42.63,  25.68,  62.63,  33.64,  13.48,  66.19,  13.04,
   57.25,  47.75,  58.88,  35.74,  62.34,  53.29,  51.27,  52.46,  24.83,
   50.49,  38.08,  41.32,  38.51,  65.29,  16.67,  33.95,  70.6 ,  35.58,
   60.12,  27.43,  47.45,  66.81,  26.47,  73.08,  33.07,  16.17,   0.  ,
   28.27,  34.38,  44.83,  32.96,  68.93,  43.07,  53.54,  40.59,  75.4 ,
   51.95,  60.84,  11.33,  45.6 ,  42.27,  38.16,  53.26,  28.46,  44.54,
   53.99],
 [ 48.91,  11.68,  61.01,  66.36,  17.53,  75.11,  37.97,  57.29,  32.95,
   31.69,  39.69,  38.11,  30.61,  43.44,  49.1 ,  36.62,  70.27,  42.97,
   54.78,  10.82,  51.31,  70.6 ,  39.56,  32.22,  36.15,  41.26,  47.17,
   38.77,  64.23,  62.48,  36.04,  26.49,  35.27,  56.  ,  71.83,  36.45,
   68.75,  20.67,  48.18,  50.2 ,  24.57,  56.09,  38.52,  14.  ,  26.15,
   54.37,  12.98,  14.37,  15.49,  74.36,  61.05,  32.03,  39.64,  31.32,
   61.18,  50.84,  40.24,  33.57,  38.84,  25.91,  40.01,  52.99,  41.99,
   37.37,  62.71,  38.09,  55.06,  37.54,  20.28,  51.28,  43.46,  27.16,
   60.87,   4.09,  63.63,  40.4 ,  49.08,  45.85,  22.91,  44.02,  28.27,
    0.  ,  62.03,  46.88,  59.53,  52.11,  33.23,  36.16,  15.97,  50.05,
   51.37,  44.88,  39.56,  18.47,  31.17,  65.02,  28.41,  34.86,  37.3 ,
   35.2 ],
 [ 30.68,  68.39,  68.25,   4.46,  52.64,  15.16,  96.9 ,  65.83,  37.71,
   64.25,  86.96,  51.05,  36.92,  33.92,  93.51,  84.23,  11.64,  87.58,
   76.81,  71.34,  34.16,   9.28,  24.13,  38.52,  79.46,  88.14,  85.13,
   51.49,  63.93,  51.2 ,  63.8 ,  88.  ,  34.92,   6.05,  15.24,  93.29,
    8.71,  62.57, 102.14,  76.78,  80.14,  80.84,  55.58,  66.92,  87.57,
   12.55,  72.43,  76.15,  59.44,  73.03,  20.74,  39.62, 100.57,  32.99,
   77.09,  70.3 ,  83.98,  54.43,  96.42,  85.51,  71.97,  76.02,  43.08,
   72.82,  33.51,  69.5 ,  49.86,  99.46,  44.85,  30.55, 104.94,  67.17,
   82.18,  61.67,  55.8 , 101.19,  35.01, 107.41,  58.65,  18.22,  34.38,
   62.03,   0.  ,  68.85,  24.94, 100.76,  74.07,  86.3 ,  74.97, 109.7 ,
   76.42,  83.55,  24.26,  77.9 ,  73.84,   6.2 ,  83.5 ,  54.6 ,  63.87,
   79.87],
 [ 76.61,  58.22,  16.76,  72.87,  59.21,  83.89,  51.23,  13.9 ,  33.86,
   15.27,  29.48,  18.21,  61.38,  34.94,  30.56,  28.72,  80.41,  89.59,
    9.03,  44.32,  36.71,  77.75,  48.  ,  33.37,  22.59,  87.6 ,  94.05,
   78.58,  23.25,  30.85,  10.87,  53.57,  35.84,  64.14,  83.74,  45.16,
   70.35,  66.58,  46.43,   8.01,  69.63,  12.34,  13.9 ,  60.87,  63.44,
   56.38,  57.8 ,  54.51,  31.44,  30.56,  53.49,  32.21,  59.01,  57.6 ,
   14.3 ,   4.  ,  87.02,  75.29,  48.29,  67.19,  86.04,   7.65,  25.79,
   83.77,  45.12,  10.3 ,  25.14,  63.7 ,  55.32,  78.64,  64.5 ,  21.03,
   15.39,  42.82,  28.46,  58.99,  35.03,  66.72,  67.39,  54.8 ,  44.83,
   46.88,  68.85,   0.  ,  49.19,  39.52,  19.54,  32.46,  42.08,  61.79,
    7.58,  91.76,  47.76,  61.84,  21.61,  74.63,  73.17,  16.37,  81.8 ,
   82.02],
 [ 49.08,  69.13,  44.99,  27.58,  57.25,  37.96,  87.75,  43.12,  27.16,
   49.28,  72.79,  33.7 ,  45.85,  17.64,  77.51,  70.56,  35.88,  95.01,
   55.94,  66.09,  12.56,  31.85,  22.95,  28.  ,  64.87,  94.69,  94.87,
   64.8 ,  39.78,  26.56,  47.24,  82.2 ,  24.49,  23.38,  39.74,  83.  ,
   22.73,  68.03,  89.48,  57.15,  82.3 ,  60.19,  37.9 ,  69.04,  85.47,
   14.55,  72.06,  73.66,  50.89,  48.32,   4.65,  28.57,  93.17,  40.46,
   54.72,  49.66,  91.51,  65.57,  86.34,  85.33,  82.52,  55.5 ,  24.87,
   82.27,   8.7 ,  52.71,  26.53,  94.1 ,  49.1 ,  49.93,  98.21,  54.08,
   60.54,  57.56,  31.24,  93.59,  14.54, 100.72,  65.4 ,  24.  ,  32.96,
   59.53,  24.94,  49.19,   0.  ,  85.75,  59.58,  73.4 ,  68.15, 100.41,
   56.4 ,  92.92,  22.79,  77.73,  60.07,  31.08,  86.07,  38.39,  75.05,
   86.72],
 [ 98.2 ,  58.46,  53.99, 105.15,  69.57, 115.78,  24.96,  52.31,  63.06,
   36.85,  13.94,  52.05,  79.99,  69.  ,   9.02,  16.91, 111.55,  84.26,
   38.17,  42.36,  73.33, 110.03,  76.98,  62.24,  21.32,  81.28,  91.65,
   90.88,  61.58,  70.37,  38.52,  37.22,  65.89,  95.14, 114.24,  20.53,
  104.4 ,  71.3 ,  10.99,  33.42,  63.44,  34.98,  47.92,  62.31,  50.15,
   89.26,  55.1 ,  48.63,  43.92,  65.85,  89.54,  61.15,  32.72,  78.58,
   45.28,  41.39,  83.07,  85.6 ,  21.17,  56.52,  88.9 ,  37.15,  60.88,
   85.57,  83.3 ,  33.15,  64.35,  40.55,  70.46, 100.55,  36.94,  33.67,
   39.32,  49.08,  67.87,  32.08,  71.23,  38.18,  74.51,  83.66,  68.93,
   52.11, 100.76,  39.52,  85.75,   0.  ,  26.73,  16.11,  37.04,  28.6 ,
   35.02,  89.55,  76.81,  55.64,  26.95, 105.69,  65.56,  47.46,  88.19,
   79.15],
 [ 73.72,  43.23,  36.3 ,  78.44,  48.97,  89.12,  32.07,  33.31,  36.35,
   10.3 ,  13.24,  26.07,  56.15,  42.47,  19.71,  11.07,  84.95,  73.78,
   24.42,  27.44,  47.36,  83.33,  50.43,  35.54,   5.42,  71.44,  79.33,
   70.07,  42.47,  47.72,  13.13,  34.24,  39.17,  68.5 ,  87.73,  26.16,
   77.68,  53.89,  30.07,  18.93,  52.98,  24.37,  22.4 ,  46.51,  44.84,
   62.53,  41.7 ,  37.21,  20.13,  50.09,  63.17,  34.45,  39.61,  53.87,
   32.03,  23.17,  71.6 ,  65.63,  29.43,  49.26,  73.18,  22.63,  34.78,
   70.42,  57.96,   9.48,  40.77,  44.15,  47.66,  75.99,  45.11,   7.58,
   29.6 ,  29.29,  46.36,  39.64,  45.16,  47.38,  55.85,  57.19,  43.07,
   33.23,  74.07,  19.54,  59.58,  26.73,   0.  ,  14.29,  24.01,  43.39,
   20.5 ,  77.06,  50.25,  44.85,   2.33,  79.08,  56.22,  21.22,  70.39,
   66.85],
 [ 82.22,  43.31,  48.95,  90.73,  53.55, 101.14,  19.11,  46.34,  48.89,
   24.32,   4.82,  40.19,  63.94,  56.03,  13.84,   3.78,  96.77,  71.04,
   34.91,  26.86,  61.37,  95.56,  62.26,  48.03,   9.9 ,  68.28,  77.83,
   74.9 ,  55.71,  61.86,  27.42,  25.88,  51.8 ,  80.53,  99.29,  12.94,
   90.56,  55.81,  16.11,  29.26,  49.9 ,  33.32,  36.66,  47.08,  38.38,
   75.27,  40.38,  34.33,  28.12,  62.33,  76.82,  47.02,  27.29,  62.68,
   42.76,  35.57,  69.47,  69.72,  15.9 ,  44.09,  73.97,  33.34,  48.78,
   70.78,  72.14,  23.27,  55.01,  33.29,  54.35,  84.57,  32.66,  19.46,
   38.57,  33.02,  60.28,  27.11,  59.12,  34.71,  58.79,  68.76,  53.54,
   36.16,  86.3 ,  32.46,  73.4 ,  16.11,  14.29,   0.  ,  21.72,  29.39,
   31.01,  75.65,  62.11,  41.79,  13.38,  90.96,  52.5 ,  35.26,  72.72,
   65.2 ],
 [ 64.67,  21.59,  58.26,  79.4 ,  33.37,  88.85,  22.46,  54.82,  41.06,
   27.6 ,  25.96,  39.93,  46.25,  50.75,  35.43,  23.17,  84.13,  50.32,
   48.25,   5.38,  57.91,  83.91,  51.27,  40.2 ,  24.81,  47.8 ,  56.56,
   54.32,  63.19,  64.86,  32.35,  14.1 ,  43.87,  68.93,  86.03,  20.48,
   80.85,  34.26,  32.28,  42.88,  29.26,  48.38,  38.49,  25.38,  21.41,
   65.81,  18.8 ,  13.37,  17.31,  72.16,  70.52,  39.58,  25.66,  46.34,
   55.63,  46.02,  48.43,  48.81,  22.97,  25.29,  52.25,  46.44,  46.48,
   49.07,  69.51,  31.92,  57.32,  25.99,  36.01,  67.04,  30.32,  21.19,
   53.6 ,  14.16,  64.85,  26.25,  55.56,  32.83,  37.54,  56.75,  40.59,
   15.97,  74.97,  42.08,  68.15,  37.04,  24.01,  21.72,   0.  ,  35.  ,
   44.39,  54.34,  51.2 ,  21.05,  21.68,  78.61,  32.34,  35.39,  51.16,
   43.94],
 [ 98.86,  50.45,  78.09, 114.15,  66.19, 123.78,  12.83,  75.63,  74.16,
   52.77,  32.49,  68.4 ,  80.65,  82.77,  35.62,  33.08, 119.09,  67.15,
   63.34,  39.41,  88.97, 118.74,  85.75,  73.28,  39.29,  63.85,  75.73,
   85.44,  85.02,  91.11,  56.42,  24.44,  77.09, 103.69, 121.03,  17.55,
  115.18,  63.46,  17.72,  57.87,  49.13,  61.03,  65.33,  54.12,  33.83,
   99.96,  45.88,  39.29,  50.55,  91.18, 103.37,  72.46,  11.55,  81.18,
   71.05,  64.74,  67.06,  79.41,  14.18,  40.42,  76.95,  61.93,  76.57,
   73.29, 100.19,  52.62,  84.1 ,  18.58,  70.32, 101.21,  11.71,  46.89,
   65.96,  49.03,  89.64,  10.59,  86.65,  11.54,  67.79,  91.52,  75.4 ,
   50.05, 109.7 ,  61.79, 100.41,  28.6 ,  43.39,  29.39,  35.  ,   0.  ,
   59.61,  73.99,  85.66,  43.44,  42.02, 113.53,  49.69,  63.41,  78.83,
   64.43],
 [ 83.79,  62.31,  18.99,  80.41,  64.9 ,  91.44,  50.12,  17.39,  41.29,
   19.96,  27.2 ,  25.76,  68.15,  42.5 ,  26.01,  27.25,  87.98,  93.43,
    3.97,  47.38,  44.01,  85.29,  55.52,  40.77,  21.77,  91.26,  98.42,
   84.82,  26.57,  36.39,  16.49,  54.5 ,  43.34,  71.72,  91.32,  43.95,
   77.81,  71.6 ,  43.2 ,   1.76,  72.97,   5.09,  21.38,  65.24,  65.34,
   63.94,  61.38,  57.4 ,  36.28,  31.57,  60.77,  39.6 ,  58.26,  64.58,
   11.81,   7.01,  91.05,  81.24,  46.83,  69.68,  91.1 ,   2.33,  33.34,
   88.65,  51.91,  13.28,  31.49,  63.73,  61.58,  85.86,  63.66,  24.4 ,
    9.5 ,  47.28,  33.34,  58.1 ,  42.41,  65.73,  72.78,  62.34,  51.95,
   51.37,  76.42,   7.58,  56.4 ,  35.02,  20.5 ,  31.01,  44.39,  59.61,
    0.  ,  96.13,  55.28,  64.95,  22.81,  82.2 ,  76.35,  23.57,  87.31,
   86.15],
 [ 55.5 ,  33.88, 105.41,  86.67,  36.52,  90.88,  67.14, 101.66,  71.36,
   76.57,  80.14,  81.32,  47.76,  81.09,  89.49,  77.47,  86.26,   8.02,
   99.62,  49.9 ,  88.9 ,  89.09,  69.97,  70.95,  78.89,  11.16,   2.29,
   32.98, 107.86, 103.84,  80.9 ,  52.94,  72.55,  78.74,  85.72,  69.55,
   92.13,  26.35,  81.78,  94.89,  26.14, 100.74,  82.55,  30.91,  40.69,
   82.17,  35.6 ,  41.32,  60.32, 118.35,  92.52,  71.31,  62.83,  52.85,
  106.06,  95.71,   6.94,  29.13,  70.13,  33.95,  11.87,  97.82,  82.96,
   10.8 ,  98.83,  82.87,  96.9 ,  55.44,  44.18,  56.9 ,  62.67,  71.76,
  105.63,  48.96, 105.87,  63.8 ,  87.09,  63.82,  27.78,  70.31,  60.84,
   44.88,  83.55,  91.76,  92.92,  89.55,  77.06,  75.65,  54.34,  73.99,
   96.13,   0.  ,  70.13,  33.96,  74.83,  83.18,  24.54,  78.86,  19.97,
   10.45],
 [ 31.32,  47.8 ,  51.42,  28.72,  34.65,  39.04,  72.83,  48.26,  14.29,
   40.77,  62.94,  29.56,  23.44,  15.7 ,  69.88,  60.15,  34.74,  72.31,
   56.42,  47.96,  21.36,  33.49,   0.27,  14.99,  55.6 ,  72.09,  72.09,
   42.91,  49.4 ,  39.65,  41.  ,  64.63,  11.95,  18.42,  37.48,  69.09,
   29.65,  45.42,  77.9 ,  55.33,  60.63,  60.09,  33.9 ,  47.22,  65.67,
   14.82,  51.24,  53.93,  35.23,  59.91,  22.77,  16.16,  76.86,  17.99,
   58.37,  49.98,  68.79,  43.09,  72.25,  64.6 ,  59.81,  55.32,  23.48,
   59.5 ,  29.2 ,  46.6 ,  35.07,  76.33,  26.44,  32.92,  81.42,  43.15,
   62.37,  38.52,  43.36,  77.44,  20.46,  83.92,  42.65,   7.12,  11.33,
   39.56,  24.26,  47.76,  22.79,  76.81,  50.25,  62.11,  51.2 ,  85.66,
   55.28,  70.13,   0.  ,  56.9 ,  49.87,  28.89,  64.3 ,  32.12,  52.47,
   64.05],
 [ 59.36,   9.57,  77.24,  82.04,  26.47,  89.81,  34.32,  73.62,  51.39,
   46.7 ,  46.37,  55.8 ,  42.82,  61.89,  55.62,  43.81,  84.9 ,  29.35,
   68.71,  17.58,  69.78,  85.92,  56.87,  50.67,  45.86,  26.76,  36.1 ,
   42.73,  81.25,  80.55,  51.4 ,  19.88,  53.64,  72.  ,  85.9 ,  35.93,
   85.24,  20.59,  48.33,  63.52,   8.21,  69.15,  55.6 ,  12.02,  10.86,
   71.53,   5.68,   7.69,  32.1 ,  90.94,  79.  ,  50.5 ,  31.9 ,  45.35,
   75.82,  65.84,  27.68,  36.58,  36.89,   7.7 ,  34.1 ,  66.89,  60.3 ,
   30.55,  81.15,  52.04,  73.05,  26.39,  33.3 ,  61.59,  33.64,  40.87,
   74.3 ,  21.42,  81.42,  32.85,  67.55,  35.56,  25.23,  60.49,  45.6 ,
   18.47,  77.9 ,  61.84,  77.73,  55.64,  44.85,  41.79,  21.05,  43.44,
   64.95,  33.96,  56.9 ,   0.  ,  42.53,  80.08,  11.4 ,  52.07,  35.39,
   23.53],
 [ 72.56,  41.02,  38.34,  78.24,  47.17,  88.84,  30.42,  35.27,  36.17,
   10.95,  13.13,  26.82,  54.83,  42.79,  20.52,  10.56,  84.6 ,  71.49,
   26.73,  25.14,  47.99,  83.11,  50.03,  35.34,   5.95,  69.13,  77.09,
   68.34,  44.35,  49.16,  14.4 ,  32.04,  39.03,  68.2 ,  87.3 ,  24.64,
   77.7 ,  51.84,  29.42,  21.25,  50.66,  26.7 ,  23.4 ,  44.34,  42.53,
   62.48,  39.43,  34.89,  18.58,  52.17,  63.55,  34.28,  37.8 ,  52.74,
   34.31,  25.31,  69.33,  63.81,  27.95,  46.93,  71.08,  24.93,  35.41,
   68.28,  58.78,  11.4 ,  42.08,  42.12,  46.13,  74.86,  43.29,   6.73,
   31.93,  27.28,  47.96,  37.86,  45.75,  45.6 ,  53.89,  56.73,  42.27,
   31.17,  73.84,  21.61,  60.07,  26.95,   2.33,  13.38,  21.68,  42.02,
   22.81,  74.83,  49.87,  42.53,   0.  ,  78.74,  53.9 ,  21.88,  68.4 ,
   64.59],
 [ 28.65,  70.52,  74.39,   4.68,  54.21,  10.27, 100.78,  71.93,  42.81,
   69.43,  91.83,  56.69,  37.99,  39.75,  98.65,  89.04,   5.88,  87.7 ,
   82.7 ,  74.72,  40.31,   5.99,  28.73,  43.59,  84.45,  88.49,  84.64,
   50.54,  70.12,  57.39,  69.22,  91.28,  40.12,  10.64,   9.16,  97.42,
   11.98,  63.64, 106.65,  82.52,  81.73,  86.69,  61.21,  68.74,  90.07,
   18.59,  74.74,  78.88,  63.65,  79.22,  26.8 ,  44.72, 104.07,  34.75,
   83.14,  76.18,  84.13,  54.09, 100.5 ,  87.59,  71.43,  81.87,  48.91,
   72.58,  39.6 ,  74.9 ,  56.02, 102.55,  46.79,  28.06, 108.27,  72.04,
   88.14,  64.99,  62.  , 104.74,  41.1 , 110.72,  59.47,  22.24,  38.16,
   65.02,   6.2 ,  74.63,  31.08, 105.69,  79.08,  90.96,  78.61, 113.53,
   82.2 ,  83.18,  28.89,  80.08,  78.74,   0.  ,  84.94,  60.07,  63.29,
   80.26],
 [ 61.43,  17.19,  88.42,  87.4 ,  30.85,  94.21,  42.62,  84.77,  60.59,
   58.  ,  57.18,  66.42,  46.97,  71.08,  66.26,  54.75,  89.31,  18.7 ,
   80.1 ,  28.98,  79.05,  90.9 ,  64.23,  59.95,  57.1 ,  15.8 ,  26.46,
   41.82,  92.21,  90.89,  62.67,  28.55,  62.6 ,  77.81,  89.85,  45.29,
   91.33,  21.6 ,  57.38,  74.92,   3.86,  80.54,  66.5 ,  17.09,  16.14,
   78.49,  15.7 ,  19.02,  43.  , 102.05,  86.9 ,  59.91,  38.39,  50.51,
   87.2 ,  77.17,  17.75,  35.79,  45.69,   9.41,  27.89,  78.28,  70.33,
   24.21,  90.18,  63.42,  83.46,  31.28,  38.8 ,  63.47,  38.63,  52.24,
   85.7 ,  31.88,  92.  ,  39.36,  76.91,  40.02,  26.2 ,  66.96,  53.26,
   28.41,  83.5 ,  73.17,  86.07,  65.56,  56.22,  52.5 ,  32.34,  49.69,
   76.35,  24.54,  64.3 ,  11.4 ,  53.9 ,  84.94,   0.  ,  62.91,  31.64,
   14.74],
 [ 60.26,  46.55,  26.61,  58.84,  44.44,  69.76,  51.2 ,  22.85,  17.9 ,
   10.95,  34.41,   4.99,  45.14,  21.6 ,  39.48,  32.25,  65.93,  77.68,
   25.39,  35.7 ,  26.15,  63.76,  32.34,  17.3 ,  26.48,  76.09,  81.13,
   62.85,  29.37,  29.48,   9.23,  48.98,  20.2 ,  49.44,  69.03,  45.86,
   57.33,  52.87,  51.24,  23.41,  59.14,  28.58,   3.69,  48.55,  56.18,
   42.51,  47.21,  45.55,  19.97,  39.57,  42.08,  16.13,  57.72,  41.26,
   29.37,  19.43,  74.8 ,  59.95,  49.23,  58.53,  72.01,  24.01,  13.57,
   70.08,  36.93,  14.93,  21.95,  60.44,  39.69,  62.31,  63.1 ,  16.54,
   31.7 ,  31.1 ,  29.61,  57.97,  23.95,  65.54,  53.01,  39.23,  28.46,
   34.86,  54.6 ,  16.37,  38.39,  47.46,  21.22,  35.26,  35.39,  63.41,
   23.57,  78.86,  32.12,  52.07,  21.88,  60.07,  62.91,   0.  ,  67.08,
   69.7 ],
 [ 35.55,  29.85,  93.49,  66.86,  22.65,  70.91,  69.3 ,  89.75,  56.26,
   67.34,  76.62,  68.55,  29.22,  65.08,  86.11,  73.62,  66.29,  25.56,
   90.37,  45.89,  72.54,  69.17,  52.28,  56.01,  73.45,  27.25,  21.36,
   13.04,  94.76,  88.9 ,  71.09,  55.  ,  56.89,  59.27,  65.76,  69.99,
   72.5 ,  16.92,  82.43,  86.34,  30.62,  92.24,  70.66,  25.96,  45.45,
   63.36,  33.76,  40.58,  51.17, 105.53,  74.18,  56.6 ,  67.28,  34.59,
   95.91,  85.55,  22.23,   9.6 ,  71.48,  39.47,   8.15,  88.65,  68.48,
    9.9 ,  81.62,  74.22,  82.49,  61.35,  28.39,  36.99,  68.73,  63.86,
   96.67,  41.12,  91.51,  68.24,  70.98,  70.47,  14.58,  51.67,  44.54,
   37.3 ,  63.87,  81.8 ,  75.05,  88.19,  70.39,  72.72,  51.16,  78.83,
   87.31,  19.97,  52.47,  35.39,  68.4 ,  63.29,  31.64,  67.08,   0.  ,
   19.93],
 [ 54.03,  23.85,  96.11,  83.35,  29.48,  88.71,  57.02,  92.37,  63.62,
   66.78,  69.7 ,  72.45,  43.1 ,  73.7 ,  79.04,  67.04,  83.92,   8.36,
   89.7 ,  39.57,  81.63,  86.25,  63.92,  63.13,  68.55,   8.26,  12.63,
   32.22,  98.93,  95.67,  71.2 ,  42.71,  65.09,  74.65,  83.85,  59.24,
   88.23,  18.73,  71.53,  84.87,  15.84,  90.69,  73.39,  21.23,  30.77,
   77.04,  25.25,  30.87,  50.68, 109.27,  86.76,  63.37,  53.1 ,  47.73,
   96.3 ,  86.  ,   5.11,  26.97,  59.91,  24.06,  14.09,  87.89,  74.76,
   10.63,  92.04,  72.92,  88.56,  46.01,  37.62,  55.75,  53.34,  61.76,
   95.64,  39.22,  97.44,  54.07,  79.7 ,  54.68,  21.57,  65.15,  53.99,
   35.2 ,  79.87,  82.02,  86.72,  79.15,  66.85,  65.2 ,  43.94,  64.43,
   86.15,  10.45,  64.05,  23.53,  64.59,  80.26,  14.74,  69.7 ,  19.93,
    0.  ]]

Hybrid SPSA:     Skipped
Refined SPSA:    Cost=4757.68, Time=4.2470s, Path=[0, np.int64(88), np.int64(86), np.int64(84), np.int64(16), np.int64(80), np.int64(2), np.int64(55), np.int64(83), np.int64(33), np.int64(52), np.int64(8), np.int64(21), np.int64(5), np.int64(53), np.int64(69), np.int64(13), np.int64(37), np.int64(31), np.int64(65), np.int64(61), np.int64(3), np.int64(19), np.int64(11), np.int64(32), np.int64(85), np.int64(6), np.int64(50), np.int64(95), np.int64(24), np.int64(27), np.int64(1), np.int64(41), np.int64(28), np.int64(66), np.int64(12), np.int64(75), np.int64(67), np.int64(91), np.int64(47), np.int64(44), np.int64(26), np.int64(18), np.int64(71), np.int64(4), np.int64(60), np.int64(51), np.int64(92), np.int64(20), np.int64(46), np.int64(30), np.int64(87), np.int64(93), np.int64(38), np.int64(77), np.int64(42), np.int64(22), np.int64(78), np.int64(79), np.int64(59), np.int64(15), np.int64(89), np.int64(35), np.int64(98), np.int64(25), np.int64(40), np.int64(90), np.int64(82), np.int64(99), np.int64(29), np.int64(45), np.int64(94), np.int64(7), np.int64(54), np.int64(49), np.int64(57), np.int64(39), np.int64(76), np.int64(17), np.int64(9), np.int64(81), np.int64(72), np.int64(58), np.int64(10), np.int64(63), np.int64(14), np.int64(56), np.int64(96), np.int64(70), np.int64(68), np.int64(34), np.int64(74), np.int64(64), np.int64(73), np.int64(48), np.int64(62), np.int64(97), np.int64(43), np.int64(36), np.int64(23), 0]
Refined + 2-Opt: Cost=784.44, Time=13.2401s, Path=[0, np.int64(53), np.int64(12), np.int64(27), np.int64(57), np.int64(98), np.int64(60), np.int64(63), np.int64(91), np.int64(26), np.int64(17), np.int64(25), np.int64(56), np.int64(99), np.int64(96), np.int64(40), np.int64(59), np.int64(93), np.int64(47), np.int64(46), np.int64(1), np.int64(43), np.int64(37), np.int64(78), np.int64(4), np.int64(68), np.int64(80), np.int64(79), np.int64(22), np.int64(92), np.int64(32), np.int64(8), np.int64(23), np.int64(51), np.int64(13), np.int64(62), np.int64(11), np.int64(42), np.int64(97), np.int64(30), np.int64(9), np.int64(71), np.int64(48), np.int64(73), np.int64(81), np.int64(19), np.int64(88), np.int64(31), np.int64(44), np.int64(67), np.int64(77), np.int64(70), np.int64(52), np.int64(75), np.int64(89), np.int64(6), np.int64(58), np.int64(35), np.int64(87), np.int64(38), np.int64(85), np.int64(14), np.int64(10), np.int64(15), np.int64(24), np.int64(94), np.int64(86), np.int64(65), np.int64(83), np.int64(55), np.int64(18), np.int64(61), np.int64(90), np.int64(39), np.int64(41), np.int64(72), np.int64(54), np.int64(7), np.int64(2), np.int64(49), np.int64(28), np.int64(74), np.int64(29), np.int64(66), np.int64(76), np.int64(20), np.int64(64), np.int64(84), np.int64(50), np.int64(45), np.int64(33), np.int64(82), np.int64(36), np.int64(3), np.int64(95), np.int64(21), np.int64(5), np.int64(16), np.int64(34), np.int64(69), 0]
Brute Force:     Skipped
--------------------------------------------------
